RIVAL,PLAY #,HF,ODK,SERIES,DN,DIST,YARD LN,OFF FORM,OFF STR,MOTION,MOTION DIR,OFF PLAY,PLAY TYPE,RESULT,PI,PC,GN/LS,PLAY DIR,PASS ZONE,COVERAGE,PASSER_Jersey,PASSER_Name,RECEIVER_Jersey,RECEIVER_Name,INTERCEPTED BY_Jersey,INTERCEPTED BY_Name,KEY PLAYER_Jersey,KEY PLAYER_Name,TACKLER1_Jersey,TACKLER1_Name,BLZ_Jersey,BLZ_Name,RUSHER_Jersey,RUSHER_Name
SUI,1,1,D,1,1,20,-5,SLOT,L,,,GANCHOS,Pass,Complete,1,1,8,L,2,REGULAR,,,,,,,,,5,Estefanía Sastre Lois,1,María Vidal,,
SUI,2,1,D,1,2,12,-13,SLOT,L,,,X-RIZO,Pass,Complete,1,1,8,L,1,REGULAR,,,,,,,,,5,Estefanía Sastre Lois,1,María Vidal,,
SUI,3,1,D,1,3,4,-21,SLOT,L,,,Z-CROSS,Pass,1st DN,1,1,10,L,2,REGULAR,,,,,,,,,6,Laia Girona,1,María Vidal,,
SUI,4,1,D,1,1,10,19,SLOT,L,,,GANCHOS SMASH,Pass,Complete,1,1,7,L,1,DALLAS,,,,,,,,,8,Ana Leal,1,María Vidal,,
SUI,5,1,D,1,2,12,12,SLOT,L,,,FLOOD,Pass,Complete,1,1,4,L,1,REGULAR,,,,,,,,,13,Cris Gómez,1,María Vidal,,
SUI,6,1,D,1,3,8,8,SLOT,L,,,SPECIAL GADCHET,Run,"Rush, TD",,,8,R,,REGULAR,,,,,,,,,,,,,,
SUI,7,1,K,1,0,5,5,SLOT,L,,,,Extra Pt. Block,Good,1,1,5,L,2,REGULAR,,,,,,,,,,,,,,
SUI,8,1,O,1,1,20,-5,SLOT,L,,,,Pass,Incomplete,1,0,0,L,1,,10,Monica Rafecas,,,,,,,,,,,,
SUI,9,1,O,1,2,20,-5,SLOT,L,,,,Pass,Complete,1,1,11,L,2,,10,Monica Rafecas,11,Emma García,,,,,,,,,,
SUI,10,1,O,1,3,9,-16,SLOT,L,,,,Pass,1st DN,1,1,13,L,4,,10,Monica Rafecas,4,Maria del Mar,,,,,,,,,,
SUI,11,1,O,1,1,21,21,SLOT,L,,,GANCHOS,Pass,Complete,1,1,9,R,2,,10,Monica Rafecas,3,Violeta Alexandra Wiksten,,,,,,,,,,
SUI,12,1,O,1,2,12,12,DOBLE TIGHT,R,,,,Pass,Incomplete,1,0,0,R,3,,10,Monica Rafecas,,,,,,,,,,,,
SUI,13,1,O,1,3,12,12,ISO,L,,,,Pass,Incomplete,1,0,0,R,6,,10,Monica Rafecas,,,,,,,,,,,,
SUI,14,1,O,1,4,12,12,ISO,R,,,,Pass,Incomplete,1,0,0,R,8,,10,Monica Rafecas,,,,,,,,,,,,
SUI,15,1,D,2,1,20,-5,SLOT,L,,,X-RIZO,Pass,Complete,1,1,9,L,1,REGULAR,,,,,,,,,5,Estefanía Sastre Lois,1,María Vidal,,
SUI,16,1,D,2,2,11,-14,SLOT,R,,,SMASH,Pass,Complete,1,1,7,L,1,DALLAS,,,,,,,,,13,Cris Gómez,1,María Vidal,,
SUI,17,1,D,2,3,4,-21,SLOT,L,,,Z-CROSS,Pass,1st DN,1,1,14,L,1,REGULAR,,,,,,,,,6,Laia Girona,1,María Vidal,,
SUI,18,1,D,2,1,15,15,SLOT,L,,,FLOOD,Pass,Complete,1,1,10,R,3,DALLAS,,,,,,,,,13,Cris Gómez,1,María Vidal,,
SUI,19,1,D,2,2,5,5,SLOT,L,,,,Pass,"Complete, TD",1,1,5,L,6,GOAL LINE,,,,,,,,,,,1,María Vidal,,
SUI,20,1,K,2,0,5,5,SLOT,L,,,,Extra Pt. Block,Penalty,,,,R,2,GOAL LINE,,,,,,,,,,,,,,
SUI,21,1,K,2,0,3,3,SLOT,L,,,,Extra Pt. Block,Good,1,1,5,R,3,REGULAR,,,,,,,,,,,1,María Vidal,,
SUI,22,1,O,2,1,20,-5,SLOT TIGHT,R,,,,Pass,Complete,1,1,8,R,2,,10,Monica Rafecas,4,Maria del Mar,,,,,,,,,,
SUI,23,1,O,2,2,12,-13,ISO,L,,,,Pass,Incomplete,1,0,0,R,2,,10,Monica Rafecas,,,,,,,,,,,,
SUI,24,1,O,2,3,12,-13,SLOT,L,,,,Pass,Incomplete,1,0,0,L,1,,10,Monica Rafecas,,,,,,,,,,,,
SUI,25,1,O,2,4,12,-13,SLOT,L,,,,Pass,Incomplete,1,0,0,L,7,,10,Monica Rafecas,,,,,,,,,,,,
SUI,26,1,D,3,1,20,-5,SLOT,L,,,QUICK PITCH,Pass,Complete,1,1,5,L,2,REGULAR,,,,,,,,,13,Cris Gómez,1,María Vidal,,
SUI,27,1,D,3,2,15,-10,SLOT,L,,,X-RIZO,Pass,Complete,1,1,7,R,3,DALLAS,,,,,,,,,13,Cris Gómez,1,María Vidal,,
SUI,28,1,D,3,3,8,-17,SLOT,L,,,FLOOD,Pass,"Complete, TD",1,1,33,L,7,FALCON SPECIAL,,,,,,,,,,,1,María Vidal,,
SUI,29,1,K,3,0,5,5,SLOT,L,,,,Extra Pt. Block,No Good,1,0,0,R,3,GOAL LINE,,,,,,,,,,,1,María Vidal,,
SUI,30,1,O,3,1,20,-5,ISO,L,,,,Pass,Complete,1,1,18,R,3,,10,Monica Rafecas,11,Emma García,,,,,,,,,,
SUI,31,1,O,3,2,2,-23,SLOT TIGHT,R,,,,Pass,Incomplete,1,0,0,L,7,,4,Maria del Mar,,,,,,,,,,,,
SUI,32,1,O,3,3,2,-23,SLOT,L,,,,Pass,1st DN,1,1,4,R,3,,10,Monica Rafecas,3,Violeta Alexandra Wiksten,,,,,,,,,,
SUI,33,1,O,3,1,23,23,SLOT,L,,,,Pass,Incomplete,1,0,0,R,9,,10,Monica Rafecas,,,,,,,,,,,,
SUI,34,1,O,3,2,23,23,SLOT TIGHT,L,,,,Pass,Complete,1,1,18,R,2,,10,Monica Rafecas,4,Maria del Mar,,,,,,,,,,
SUI,35,1,O,3,1,5,5,SLOT,R,,,,Pass,"Complete, TD",1,1,5,R,3,,10,Monica Rafecas,9,Olga Sotillo Val,,,,,,,,,,
SUI,36,1,K,3,0,5,6,SLOT,R,,,,Extra Pt.,Good,1,1,5,R,3,,10,Monica Rafecas,9,Olga Sotillo Val,,,,,,,,,,
SUI,37,1,D,4,1,20,-5,SLOT,L,,,QUICK PITCH,Pass,Complete,1,1,4,L,2,REGULAR,,,,,,,,,5,Estefanía Sastre Lois,1,María Vidal,,
SUI,38,1,D,4,2,16,-9,SLOT,L,,,,Pass,1st DN,1,1,18,L,2,DALLAS,,,,,,,,,13,Cris Gómez,1,María Vidal,,
SUI,39,1,D,4,1,23,23,SLOT,L,,,SPECIAL GADCHET,Run,Rush,,,4,R,,DALLAS,,,,,,,,,13,Cris Gómez,7,Elvira Núñez Calzado,,
SUI,40,1,D,4,2,19,19,SLOT,L,,,FLOOD,Pass,Complete,1,1,7,R,1,DALLAS,,,,,,,,,8,Ana Leal,7,Elvira Núñez Calzado,,
SUI,41,1,D,4,3,12,12,SLOT,L,,,GANCHOS Y-GO,Pass,Complete,1,1,6,L,3,DALLAS,,,,,,,,,6,Laia Girona,7,Elvira Núñez Calzado,,
SUI,42,1,D,4,4,6,6,SLOT,L,,,,Pass,Incomplete,1,0,0,R,9,REGULAR,,,,,,,,,,,1,María Vidal,,
SUI,43,2,O,4,1,20,-5,SLOT,R,,,,Pass,Complete,1,1,17,L,2,,10,Monica Rafecas,3,Violeta Alexandra Wiksten,,,,,,,,,,
SUI,44,2,O,4,1,3,-22,SLOT,R,,,,Pass,1st DN,1,1,26,L,8,,10,Monica Rafecas,9,Olga Sotillo Val,,,,,,,,,,
SUI,45,2,O,4,1,2,2,SLOT,L,,,,Pass,"Complete, TD",1,1,2,L,2,,10,Monica Rafecas,11,Emma García,,,,,,,,,,
SUI,46,2,K,4,0,5,5,ISO,L,,,,Extra Pt.,No Good,1,0,0,R,3,,10,Monica Rafecas,,,,,,,,,,,,
SUI,47,2,D,5,1,20,-5,SLOT,L,,,FLOOD,Pass,Complete,1,1,9,L,1,REGULAR,,,,,,,,,8,Ana Leal,1,María Vidal,,
SUI,48,2,D,5,2,11,-14,SLOT,L,,,X-RIZO,Pass,1st DN,1,1,17,L,7,DALLAS,,,,,,,,,5,Estefanía Sastre Lois,7,Elvira Núñez Calzado,,
SUI,49,2,D,5,1,19,19,SLOT,L,,,SMASH,Pass,Batted Down,1,0,0,L,8,DENVER,,,,,,,6,Laia Girona,,,7,Elvira Núñez Calzado,,
SUI,50,2,D,5,2,19,19,SLOT,L,,,SPECIAL GADCHET,Run,Rush,,,7,R,,KANSAS,,,,,,,,,,,,,,
SUI,51,2,D,5,3,12,12,SLOT,L,,,SPECIAL GADCHET,Pass,Complete,1,1,4,L,1,DALLAS,,,,,,,,,8,Ana Leal,1,María Vidal,,
SUI,52,2,D,5,4,8,8,SLOT,L,,,C-BACK,Pass,"Complete, TD",1,1,3,L,1,GOAL LINE,,,,,,,,,,,7,Elvira Núñez Calzado,,
SUI,53,2,K,5,0,5,5,SLOT,L,,,SMASH CROSS,Extra Pt. Block,No Good,1,0,0,R,,GOAL LINE,,,,,,,,,,,7,Elvira Núñez Calzado,,
SUI,54,2,O,5,1,20,-5,ISO,L,,,,Pass,Batted Down,1,0,0,R,2,,10,Monica Rafecas,,,,,,,,,,,,
SUI,55,2,O,5,2,20,-5,SLOT,L,,,,Pass,Complete,1,1,12,R,3,,10,Monica Rafecas,4,Maria del Mar,,,,,,,,,,
SUI,56,2,O,5,3,8,-17,SLOT,L,,,,Pass,1st DN,1,1,25,R,9,,10,Monica Rafecas,9,Olga Sotillo Val,,,,,,,,,,
SUI,57,2,O,5,1,8,8,DOBLE TIGHT,R,,,,Pass,Incomplete,1,0,0,R,3,,10,Monica Rafecas,,,,,,,,,,,,
SUI,58,2,O,5,2,8,8,BUNCH,R,,,,Pass,"Complete, TD",1,1,8,R,6,,10,Monica Rafecas,9,Olga Sotillo Val,,,,,,,,,,
SUI,59,2,K,5,0,5,5,SLOT,R,,,,Extra Pt.,No Good,1,0,0,R,6,,10,Monica Rafecas,,,,,,,,,,,,
SUI,60,2,D,6,1,20,-5,SLOT,R,,,FLOOD,Pass,Complete,1,1,6,R,3,REGULAR,,,,,,,,,8,Ana Leal,1,María Vidal,,
SUI,61,2,D,6,2,14,-11,SLOT,L,,,Y-BACK,Pass,Complete,1,1,6,R,3,DALLAS,,,,,,,,,13,Cris Gómez,1,María Vidal,,
SUI,62,2,D,6,3,8,-17,SLOT,L,,,SPECIAL GADCHET,Pass,Incomplete,1,0,0,L,8,DALLAS,,,,,,,,,,,7,Elvira Núñez Calzado,,
SUI,63,2,D,6,4,8,-17,SLOT,L,,,,Pass,1st DN,1,1,22,R,6,REGULAR,,,,,,,,,5,Estefanía Sastre Lois,7,Elvira Núñez Calzado,,
SUI,64,2,D,6,1,11,11,SLOT,L,,,SPECIAL GADCHET,Run,Rush,,,2,L,,KANSAS,,,,,,,,,8,Ana Leal,7,Elvira Núñez Calzado,,
SUI,65,2,D,6,2,9,9,SLOT,L,,,DOBLE POST,Pass,"Complete, TD",1,1,9,L,5,REGULAR,,,,,,,,,,,1,María Vidal,,
SUI,66,2,K,6,0,5,5,SLOT,L,,,,Extra Pt. Block,No Good,1,0,0,L,2,GOAL LINE,,,,,13,Cris Gómez,,,,,1,María Vidal,,
SUI,67,2,O,6,1,20,-5,SLOT,R,,,,Pass,Penalty,,,10,L,7,,10,Monica Rafecas,,,,,,,,,,,,
SUI,68,2,O,6,1,10,-15,ISO,L,,,,Pass,Incomplete,1,0,0,L,3,,10,Monica Rafecas,,,,,,,,,,,,
SUI,69,2,O,6,2,10,-15,SLOT,L,,,,Pass,Complete,1,1,9,L,3,,10,Monica Rafecas,9,Olga Sotillo Val,,,,,,,,,,
SUI,70,2,O,6,3,1,-24,SLOT,L,,,,Pass,1st DN,1,1,11,L,2,,10,Monica Rafecas,11,Emma García,,,,,,,,,,
SUI,71,2,O,6,1,15,15,SLOT,L,,,,Pass,"Complete, TD",1,1,15,R,9,,10,Monica Rafecas,9,Olga Sotillo Val,,,,,,,,,,
SUI,72,2,K,6,0,5,5,BUNCH,R,,,,Extra Pt.,Good,1,1,5,R,3,,10,Monica Rafecas,11,Emma García,,,,,,,,,,
SUI,73,2,D,7,1,20,-5,SLOT,L,,,GANCHOS SMASH,Pass,Complete,1,1,6,L,1,REGULAR,,,,,,,,,8,Ana Leal,7,Elvira Núñez Calzado,,
SUI,74,2,D,7,2,14,-11,SLOT,L,,,SPECIAL GADCHET,Run,Rush,,,4,R,,DALLAS,,,,,,,,,13,Cris Gómez,7,Elvira Núñez Calzado,,
SUI,75,2,D,7,3,10,-15,SLOT,L,,,SPECIAL GADCHET,Pass,Complete,1,1,4,R,1,DALLAS,,,,,,,,,8,Ana Leal,1,María Vidal,,
SUI,76,2,D,7,4,6,-19,SLOT,L,,,DOBLE POST,Pass,Batted Down,1,0,0,R,6,SPARTA,,,,,,,6,Laia Girona,,,1,María Vidal,,
SUI,77,2,O,7,1,20,-5,SLOT,L,,,,Pass,Penalty,,,-2,L,1,,9,Olga Sotillo Val,3,Violeta Alexandra Wiksten,,,,,,,,,,
SUI,78,2,O,7,2,22,-3,SLOT,L,,,,Pass,Complete,1,1,6,R,3,,10,Monica Rafecas,4,Maria del Mar,,,,,,,,,,
SUI,79,2,O,7,3,16,-9,SLOT,L,,,,Pass,Complete,1,1,5,L,2,,10,Monica Rafecas,9,Olga Sotillo Val,,,,,,,,,,
SUI,80,2,O,7,4,11,-14,ISO,R,,,,Pass,1st DN,1,1,13,R,3,,10,Monica Rafecas,9,Olga Sotillo Val,,,,,,,,,,
SUI,81,2,O,7,1,23,23,DOBLE TIGHT,R,,,,Pass,Complete,1,1,7,L,1,,10,Monica Rafecas,3,Violeta Alexandra Wiksten,,,,,,,,,,
SUI,82,2,O,7,2,16,16,ISO,L,,,,Pass,"Complete, TD",1,1,16,L,7,,10,Monica Rafecas,9,Olga Sotillo Val,,,,,,,,,,
SUI,83,2,K,7,0,5,5,BUNCH,L,,,,Extra Pt.,Good,1,1,5,R,2,,10,Monica Rafecas,3,Violeta Alexandra Wiksten,,,,,,,,,,
SUI,84,2,D,8,1,20,-5,SLOT,L,,,FLOOD,Pass,Incomplete,1,0,0,R,9,JAULA,,,,,,,,,,,7,Elvira Núñez Calzado,,
SUI,85,2,D,8,2,20,-5,SLOT,L,,,DOBLE POST,Pass,Complete,1,1,7,L,2,JAULA,,,,,,,,,6,Laia Girona,7,Elvira Núñez Calzado,,
SUI,86,2,D,8,3,13,-12,SLOT,L,,,FLOOD,Pass,Incomplete,1,0,0,L,7,JAULA,,,,,,,,,,,1,María Vidal,,
SUI,87,2,D,8,4,13,-12,SLOT,L,,,Z-CROSS,Pass,1st DN,1,1,14,L,4,JAULA,,,,,,,,,8,Ana Leal,1,María Vidal,,
SUI,88,2,D,8,1,24,24,SLOT,R,,,X-CROSS,Pass,Batted Down,1,0,0,L,7,LINE,,,,,,,13,Cris Gómez,,,7,Elvira Núñez Calzado,,
SUI,89,2,D,8,2,24,24,SLOT,L,,,,Pass,Penalty,,,10,R,9,LINE,,,,,,,,,,,7,Elvira Núñez Calzado,,
SUI,90,2,D,8,1,14,14,SLOT,L,,,Z-CROSS,Pass,Incomplete,1,0,0,L,1,LINE,,,,,,,,,,,7,Elvira Núñez Calzado,,
NZL,1,1,D,1,1,20,-5,SLOT,R,,,C-BACK,Pass,Complete,1,1,6,R,3,REGULAR,,,,,,,,,5,Estefanía Sastre Lois,1,María Vidal,,
NZL,2,1,D,1,2,14,-11,SLOT,L,,,,Pass,Complete,1,1,2,R,3,DALLAS,,,,,,,,,13,Cris Gómez,1,María Vidal,,
NZL,3,1,D,1,3,12,-13,BUNCH,R,,,,Pass,Complete,1,1,5,L,2,DALLAS,,,,,,,,,13,Cris Gómez,1,María Vidal,,
NZL,4,1,D,1,4,7,-18,ARROW,L,,,,Pass,1st DN,1,1,18,L,7,PARIS,,,,,,,,,8,Ana Leal,1,María Vidal,,
NZL,5,1,D,1,1,14,14,TRIPS,L,,,,Pass,Complete,1,1,4,R,3,DALLAS,,,,,,,,,13,Cris Gómez,1,María Vidal,,
NZL,6,1,D,1,2,10,10,SLOT,R,,,,Pass,"Complete, TD",1,1,10,L,8,DALLAS,,,,,,,,,,,1,María Vidal,,
NZL,7,1,K,1,0,5,5,ARROW,L,,,,Extra Pt. Block,No Good,1,0,0,L,4,GOAL LINE,,,,,,,,,,,1,María Vidal,,
NZL,8,1,O,1,1,20,-5,TIGHT,R,,,,Pass,"Complete, TD",1,1,45,R,9,,10,Monica Rafecas,4,Maria del Mar,,,,,,,,,,
NZL,9,1,K,1,0,5,5,SLOT,R,,,BREAD AND BUTTER,Extra Pt.,Good,1,1,5,R,3,,10,Monica Rafecas,9,Olga Sotillo Val,,,,,,,,,,
NZL,10,1,D,2,1,20,-5,SLOT,R,,,,Pass,Incomplete,1,0,0,R,9,REGULAR,,,,,,,,,,,1,María Vidal,,
NZL,11,1,D,2,2,20,-5,BUNCH,R,,,,Pass,Complete,1,1,6,L,1,DALLAS,,,,,,,,,13,Cris Gómez,1,María Vidal,,
NZL,12,1,D,2,3,14,-11,SLOT,L,,,,Pass,Complete,1,1,5,L,1,DALLAS,,,,,,,,,8,Ana Leal,1,María Vidal,,
NZL,13,1,D,2,4,9,-16,BUNCH,L,,,,Pass,Incomplete,1,0,0,R,9,DALLAS,,,,,,,,,,,1,María Vidal,,
NZL,14,1,O,2,1,20,-5,TIGHT,R,,,,Pass,Complete,1,1,18,R,3,,10,Monica Rafecas,3,Violeta Alexandra Wiksten,,,,,,,,,,
NZL,15,1,O,2,2,2,-23,SLOT,L,,,X-MEDIO,Pass,1st DN,1,1,10,L,5,,10,Monica Rafecas,11,Emma García,,,,,,,,,,
NZL,16,1,O,2,1,17,17,SLOT,L,,,,Pass,Incomplete,1,0,0,R,9,,10,Monica Rafecas,,,,,,,,,,,,
NZL,17,1,O,2,2,17,17,SLOT,R,,,,Pass,"Complete, TD",1,1,17,L,7,,10,Monica Rafecas,9,Olga Sotillo Val,,,,,,,,,,
NZL,18,1,K,2,0,5,5,SLOT,R,,,,Extra Pt.,Good,1,1,5,R,3,,10,Monica Rafecas,9,Olga Sotillo Val,,,,,,,,,,
NZL,19,1,D,3,1,20,-5,TIGHT,R,,,,Pass,Complete,1,1,8,R,3,DALLAS,,,,,,,,,8,Ana Leal,7,Elvira Núñez Calzado,,
NZL,20,1,D,3,2,12,-13,TIGHT,R,,,,Pass,Complete,1,1,3,L,2,DALLAS,,,,,,,,,13,Cris Gómez,7,Elvira Núñez Calzado,,
NZL,21,1,D,3,3,9,-16,SLOT,R,,,,Pass,Complete,1,1,8,R,3,DALLAS,,,,,,,,,8,Ana Leal,1,María Vidal,,
NZL,22,1,D,3,4,1,-24,SLOT,L,,,,Pass,Batted Down,1,0,0,R,2,DALLAS,,,,,,,1,María Vidal,,,1,María Vidal,,
NZL,23,1,O,3,1,20,-5,TIGHT,R,,,,Pass,"Complete, TD",1,1,45,R,9,,10,Monica Rafecas,9,Olga Sotillo Val,,,,,,,,,,
NZL,24,1,K,3,0,,5,ISO,L,,,,Extra Pt.,Good,1,1,5,R,3,,10,Monica Rafecas,11,Emma García,,,,,,,,,,
NZL,25,1,D,4,1,20,-5,SLOT,L,,,,Pass,Dropped,1,0,0,R,3,DALLAS,,,,,,,,,,,7,Elvira Núñez Calzado,,
NZL,26,1,D,4,2,20,-5,SLOT,R,,,,Pass,Complete,1,1,5,R,3,INDIANA,,,,,,,,,2,Victoria Sanchez Segarra,7,Elvira Núñez Calzado,,
NZL,27,1,D,4,3,15,-10,BUNCH,L,,,,Pass,Batted Down,1,0,0,L,7,DALLAS,,,,,,,2,Victoria Sanchez Segarra,,,1,María Vidal,,
NZL,28,1,D,4,4,15,-10,TIGHT,R,,,,Pass,1st DN,1,1,30,L,8,LINE,,,,,,,,,13,Cris Gómez,1,María Vidal,,
NZL,29,1,D,4,1,10,10,TIGHT,L,,,,Pass,Incomplete,1,0,0,R,2,DALLAS,,,,,,,,,,,7,Elvira Núñez Calzado,,
NZL,30,1,D,4,2,10,10,ARROW,L,,,,Pass,Complete,1,1,4,R,2,REGULAR,,,,,,,,,8,Ana Leal,7,Elvira Núñez Calzado,,
NZL,31,1,D,4,3,6,6,ARROW,L,,,,Pass,Incomplete,1,0,0,R,6,REGULAR,,,,,,,,,,,1,María Vidal,,
NZL,32,1,D,4,4,6,6,SLOT,R,,,,Pass,"Complete, TD",1,1,6,L,1,REGULAR,,,,,,,,,,,1,María Vidal,,
NZL,33,1,K,4,0,5,5,BUNCH,R,,,,Extra Pt. Block,No Good,1,0,0,R,6,REGULAR,,,,,,,,,,,7,Elvira Núñez Calzado,,
NZL,34,1,O,4,1,5,-5,SLOT,L,,,,Pass,Complete,1,1,5,L,1,,10,Monica Rafecas,3,Violeta Alexandra Wiksten,,,,,,,,,,
NZL,35,1,O,4,2,10,-10,SLOT,L,,,,Pass,1st DN,1,1,16,L,2,,10,Monica Rafecas,11,Emma García,,,,,,,,,,
NZL,36,1,O,4,1,24,24,ARROW,L,,,,Run,Rush,,,3,R,,,,,,,,,,,,,,,9,Olga Sotillo Val
NZL,37,1,O,4,2,21,21,DOBLE TIGHT,R,,,,Pass,Complete,1,1,8,R,3,,10,Monica Rafecas,3,Violeta Alexandra Wiksten,,,,,,,,,,
NZL,38,1,O,4,3,13,13,ARROW,L,,,,Pass,Incomplete,1,0,0,R,3,,10,Monica Rafecas,,,,,,,,,,,,
NZL,39,1,O,4,4,13,13,SLOT,R,,,,Pass,"Complete, TD",1,1,13,L,4,,10,Monica Rafecas,9,Olga Sotillo Val,,,,,,,,,,
NZL,40,1,K,4,0,5,5,ARROW,L,,,,Extra Pt.,Good,1,1,,L,2,,10,Monica Rafecas,4,Maria del Mar,,,,,,,,,,
NZL,41,1,D,5,1,20,-5,BUNCH,L,,,,Pass,Batted Down,1,0,0,R,3,KANSAS,,,,,,,6,Laia Girona,,,7,Elvira Núñez Calzado,,
NZL,42,1,D,5,2,20,-5,SPREAD BUNCH,L,,,,Pass,Complete,1,1,4,R,3,JAULA,,,,,,,,,6,Laia Girona,1,María Vidal,,
NZL,43,1,D,5,3,16,-9,SLOT,L,,,,Pass,1st DN,1,1,27,R,9,JAULA,,,,,,,,,,,1,María Vidal,,
NZL,44,1,D,5,1,14,14,SPREAD BUNCH,L,,,DOBLE QB,Pass,Complete,1,1,5,L,1,JAULA,,,,,,,,,7,Elvira Núñez Calzado,7,Elvira Núñez Calzado,,
NZL,45,1,D,5,2,9,9,BUNCH,L,,,,Pass,Batted Down,1,0,0,R,6,REGULAR,,,,,,,6,Laia Girona,,,7,Elvira Núñez Calzado,,
NZL,46,1,D,5,3,9,9,BUNCH,R,,,,Pass,Batted Down,1,0,0,R,6,REGULAR,,,,,,,6,Laia Girona,,,1,María Vidal,,
NZL,47,2,O,5,1,20,-5,SLOT,R,,,,Pass,Complete,1,1,6,R,3,,10,Monica Rafecas,4,Maria del Mar,,,,,,,,,,
NZL,48,2,O,5,2,14,-11,ISO,L,,,,Pass,Incomplete,1,0,0,L,7,,10,Monica Rafecas,,,,,,,,,,,,
NZL,49,2,O,5,3,14,-11,SLOT,L,,,,Pass,Complete,1,1,4,R,3,,10,Monica Rafecas,3,Violeta Alexandra Wiksten,,,,,,,,,,
NZL,50,2,O,5,4,10,-15,DOBLE TIGHT,L,,,,Pass,Dropped,1,0,0,L,4,,10,Monica Rafecas,7,Elvira Núñez Calzado,,,,,,,,,,
NZL,51,2,D,6,1,20,-5,TIGHT,L,,,,Pass,Batted Down,1,0,0,R,3,REGULAR,,,,,,,13,Cris Gómez,,,1,María Vidal,,
NZL,52,2,D,6,2,20,-5,TIGHT,L,,,,Run,Rush,,,6,R,,DALLAS,,,,,,,,,13,Cris Gómez,1,María Vidal,,
NZL,53,2,D,6,3,14,-11,TIGHT,R,,,,Pass,Complete,1,1,7,L,1,DALLAS,,,,,,,,,13,Cris Gómez,7,Elvira Núñez Calzado,,
NZL,54,2,D,6,4,7,-18,SLOT,R,,,,Pass,1st DN,1,1,12,L,1,DALLAS,,,,,,,,,2,Victoria Sanchez Segarra,7,Elvira Núñez Calzado,,
NZL,55,2,D,6,1,20,20,TIGHT,R,,,,Pass,Complete,1,1,7,R,1,DALLAS,,,,,,,,,8,Ana Leal,1,María Vidal,,
NZL,56,2,D,6,2,13,13,SLOT,R,,,,Pass,Incomplete,1,0,0,R,2,DALLAS,,,,,,,,,,,1,María Vidal,,
NZL,57,2,D,6,3,13,13,SLOT,L,,,,Pass,Interception,1,0,0,L,1,DALLAS,,,,,8,Ana Leal,,,,,7,Elvira Núñez Calzado,,
NZL,58,2,O,6,1,19,-6,DOBLE TIGHT,R,,,,Pass,Incomplete,1,0,0,R,2,,10,Monica Rafecas,,,,,,,,,,,,
NZL,59,2,O,6,2,19,-6,DOBLE TIGHT,R,,,,Run,Rush,,,13,L,,,,,,,,,,,,,,,4,Maria del Mar
NZL,60,2,O,6,3,6,-19,SLOT,L,,,,Pass,1st DN,1,1,16,R,6,,10,Monica Rafecas,9,Olga Sotillo Val,,,,,,,,,,
NZL,61,2,O,6,1,15,15,SLOT,R,,,,Pass,"Complete, TD",1,1,15,R,9,,10,Monica Rafecas,3,Violeta Alexandra Wiksten,,,,,,,,,,
NZL,62,2,K,6,0,5,5,SLOT,R,,,,Extra Pt.,No Good,1,0,0,R,6,,10,Monica Rafecas,,,,,,,,,,,,
NZL,63,2,D,7,1,20,-5,BUNCH,L,,,,Pass,Interception,1,0,0,R,9,DALLAS,,,,,6,Laia Girona,,,,,1,María Vidal,,
NZL,64,2,O,7,1,20,20,SLOT,R,,,,Pass,Complete,1,1,12,L,1,,10,Monica Rafecas,7,Elvira Núñez Calzado,,,,,,,,,,
NZL,65,2,O,7,2,8,8,SLOT,R,,,,Pass,Batted Down,1,0,0,L,7,,10,Monica Rafecas,,,,,,,,,,,,
NZL,66,2,O,7,3,8,8,ISO,L,,,,Pass,Incomplete,1,0,0,L,4,,10,Monica Rafecas,,,,,,,,,,,,
NZL,67,2,O,7,4,8,8,ISO,L,,,,Pass,Incomplete,1,0,0,R,6,,10,Monica Rafecas,,,,,,,,,,,,
NZL,68,2,D,8,1,20,-5,SLOT,L,,,,Pass,Complete,1,1,8,R,2,DALLAS,,,,,,,,,13,Cris Gómez,1,María Vidal,,
NZL,69,2,D,8,2,12,-13,TIGHT,L,,,,Pass,Complete,1,1,6,R,3,FALCON,,,,,,,,,13,Cris Gómez,1,María Vidal,,
NZL,70,2,D,8,3,6,-19,SLOT,R,,,,Pass,Complete,1,1,0,L,1,REGULAR,,,,,,,,,5,Estefanía Sastre Lois,7,Elvira Núñez Calzado,,
NZL,71,2,D,8,4,6,-19,DOBLE TIGHT,L,,,,Pass,Penalty,,,,,,,,,,,,,,,,,7,Elvira Núñez Calzado,,
NZL,72,2,O,8,1,20,-5,SLOT,R,,,,Pass,1st DN,1,1,34,R,8,,10,Monica Rafecas,9,Olga Sotillo Val,,,,,,,,,,
NZL,73,2,O,8,1,11,11,TIGHT,L,,,,Run,Rush,,,-6,R,,,,,,,,,,,,,,,4,Maria del Mar
NZL,74,2,O,8,2,17,17,TRIPS,R,,,,Pass,Complete,1,1,9,R,3,,10,Monica Rafecas,3,Violeta Alexandra Wiksten,,,,,,,,,,
NZL,75,2,O,8,3,8,8,SLOT,R,,,,Pass,Complete,1,1,7,R,3,,10,Monica Rafecas,3,Violeta Alexandra Wiksten,,,,,,,,,,
NZL,76,2,O,8,4,1,1,SLOT,L,,,,Pass,"Complete, TD",1,1,1,L,1,,10,Monica Rafecas,11,Emma García,,,,,,,,,,
NZL,77,2,K,8,0,,5,ISO,L,,,,Extra Pt.,Good,1,1,5,R,3,,10,Monica Rafecas,11,Emma García,,,,,,,,,,
NZL,78,2,D,9,1,20,-5,TIGHT,L,,,,Pass,Complete,1,1,7,L,1,,,,,,,,,,,,1,María Vidal,,
NZL,79,2,D,9,2,13,-12,TIGHT,R,,,,Pass,Batted Down,1,0,0,L,7,KANSAS,,,,,,,13,Cris Gómez,,,1,María Vidal,,
NZL,80,2,D,9,3,13,-12,SLOT,L,,,,Pass,1st DN,1,1,14,L,2,KANSAS,,,,,,,13,Cris Gómez,,,7,Elvira Núñez Calzado,,
NZL,81,2,D,9,1,24,24,SLOT,R,,,,Pass,Dropped,1,0,0,L,1,KANSAS,,,,,,,,,,,7,Elvira Núñez Calzado,,
NZL,82,2,D,9,2,24,24,SLOT,R,,,,Pass,Complete,1,1,9,R,3,JAULA,,,,,,,2,Victoria Sanchez Segarra,,,1,María Vidal,,
NZL,83,2,D,9,3,15,15,SPREAD BUNCH,L,,,,Pass,Complete,1,1,8,L,2,JAULA,,,,,,,2,Victoria Sanchez Segarra,,,1,María Vidal,,
NZL,84,2,D,9,4,7,7,SLOT,R,,,,Pass,Incomplete,1,0,0,L,1,REGULAR,,,,,,,,,,,7,Elvira Núñez Calzado,,
AUT,1,1,D,1,1,20,-5,TIGHT,L,,,Y-BACK,Pass,Complete,1,1,5,R,3,DALLAS WAKANDA,,,,,,,,,13,Cris Gómez,1,María Vidal,,
AUT,2,1,D,1,2,15,-10,SLOT,R,,,Y-MEDIO,Pass,Complete,1,1,11,L,1,FALCON,,,,,,,,,,,1,María Vidal,,
AUT,3,1,D,1,3,4,-21,TIGHT,R,,,C-CROSS,Pass,1st DN,1,1,14,R,6,DALLAS WAKANDA,,,,,,,,,8,Ana Leal,1,María Vidal,,
AUT,4,1,D,1,1,15,15,SLOT,L,,,QUICK PITCH,Pass,Complete,1,1,5,L,2,KANSAS,,,,,,,,,8,Ana Leal,1,María Vidal,,
AUT,5,1,D,1,2,10,10,SLOT,L,,,SLOW HITCH,Pass,"Complete, TD",1,1,10,R,3,DALLAS,,,,,,,,,,,1,María Vidal,,
AUT,6,1,K,1,0,5,5,SLOT,L,,,C-CROSS,Extra Pt. Block,Good,1,1,5,L,1,REGULAR,,,,,,,,,,,,,,
AUT,7,1,O,1,1,20,-5,SLOT,R,,,,Pass,Incomplete,1,0,0,L,1,,10,Monica Rafecas,,,,,,,,,,,,
AUT,8,1,O,1,2,20,-5,SLOT,L,,,,Pass,Complete,1,1,19,L,5,,10,Monica Rafecas,11,Emma García,,,,,,,,,,
AUT,9,1,O,1,3,1,-24,SLOT,R,,,,Pass,1st DN,1,1,25,R,9,,10,Monica Rafecas,4,Maria del Mar,,,,,,,,,,
AUT,10,1,O,1,1,1,1,SLOT,L,,,,Pass,"Complete, TD",1,1,1,L,1,,10,Monica Rafecas,11,Emma García,,,,,,,,,,
AUT,11,1,K,1,0,,5,SLOT,R,,,,Extra Pt.,No Good,1,0,,R,3,,10,Monica Rafecas,9,Olga Sotillo Val,,,,,,,,,,
AUT,12,1,D,2,1,20,-5,SLOT,L,,,,Pass,Complete,1,1,5,R,2,DALLAS WAKANDA,,,,,,,,,8,Ana Leal,1,María Vidal,,
AUT,13,1,D,2,2,15,-10,SLOT,L,,,SLOW HITCH,Pass,1st DN,1,1,18,R,3,REGULAR,,,,,,,,,13,Cris Gómez,1,María Vidal,,
AUT,14,1,D,2,1,21,21,SLOT,R,,,FLOOD,Pass,Penalty,,,-5,L,7,KANSAS,,,,,,,,,,,1,María Vidal,,
AUT,15,1,D,2,1,26,26,TIGHT,R,,,C-CROSS Z-MEDIO,Pass,Incomplete,1,0,0,R,5,DALLAS,,,,,,,,,,,1,María Vidal,,
AUT,16,1,D,2,2,26,26,TIGHT,R,,,C-CROSS,Pass,Complete,1,1,7,R,3,DALLAS,,,,,,,,,8,Ana Leal,1,María Vidal,,
AUT,17,1,D,2,3,19,19,SLOT,L,,,FLOOD,Pass,Incomplete,1,0,0,L,1,DALLAS,,,,,,,,,,,7,Elvira Núñez Calzado,,
AUT,18,1,D,2,4,19,19,SLOT,R,,,C-CROSS,Pass,Interception,1,0,0,R,8,LINE,,,,,5,Estefanía Sastre Lois,,,,,7,Elvira Núñez Calzado,,
AUT,19,1,O,2,1,20,-5,SLOT,L,,,,Pass,Complete,1,1,8,R,3,,10,Monica Rafecas,4,Maria del Mar,,,,,,,,,,
AUT,20,1,O,2,2,12,-13,SLOT,R,,,,Pass,Complete,1,1,9,R,2,,10,Monica Rafecas,9,Olga Sotillo Val,,,,,,,,,,
AUT,21,1,O,2,3,3,-22,TIGHT,R,,,,Pass,1st DN,1,1,8,L,1,,10,Monica Rafecas,3,Violeta Alexandra Wiksten,,,,,,,,,,
AUT,22,1,O,2,1,9,9,DOBLE TIGHT,R,,,,Run,"Rush, TD",,,9,L,,,,,,,,,,,,,,,9,Olga Sotillo Val
AUT,23,1,K,2,0,,5,SLOT,R,,,,Extra Pt.,Good,1,1,,R,9,,10,Monica Rafecas,4,Maria del Mar,,,,,,,,,,
AUT,24,1,D,3,1,20,-5,SLOT,R,,,SLOW HITCH,Pass,Incomplete,1,0,0,R,3,KANSAS,,,,,,,,,8,Ana Leal,1,María Vidal,,
AUT,25,1,D,3,2,20,-5,SLOT,L,,,Y-MEDIO,Pass,Batted Down,1,0,0,L,5,DALLAS,,,,,,,13,Cris Gómez,,,1,María Vidal,,
AUT,26,1,D,3,3,20,-5,SLOT,L,,,HITCHES,Pass,Incomplete,1,0,0,L,1,DALLAS,,,,,,,,,,,1,María Vidal,,
AUT,27,1,D,3,4,20,-5,SLOT,R,,,SLOW HITCH,Pass,Complete,1,1,14,R,3,LINE,,,,,,,,,8,Ana Leal,1,María Vidal,,
AUT,28,1,O,3,1,20,-5,SLOT,R,,,,Pass,Incomplete,1,0,0,L,7,,10,Monica Rafecas,,,,,,,,,,,,
AUT,29,1,O,3,2,20,-5,SLOT,L,,,,Pass,Complete,1,1,9,R,3,,10,Monica Rafecas,3,Violeta Alexandra Wiksten,,,,,,,,,,
AUT,30,1,O,3,3,11,-14,ISO,L,,,,Run,Rush,,,-1,R,,,,,,,,,,,,,,,9,Olga Sotillo Val
AUT,31,1,O,3,4,12,-13,ISO,L,Z,R,,Pass,Batted Down,1,0,0,R,3,,10,Monica Rafecas,,,,,,,,,,,,
AUT,32,1,D,4,1,20,-5,SLOT,R,,,SLOW HITCH,Pass,Complete,1,1,9,R,3,JAULA,,,,,,,,,6,Laia Girona,1,María Vidal,,
AUT,33,1,D,4,2,11,-14,SLOT,L,,,SLOW HITCH,Pass,Complete,1,1,10,L,2,JAULA,,,,,,,,,8,Ana Leal,1,María Vidal,,
AUT,34,1,D,4,3,1,-24,SLOT,R,,,Y-MEDIO,Pass,1st DN,1,1,13,R,2,DALLAS,,,,,,,,,13,Cris Gómez,1,María Vidal,,
AUT,35,1,D,4,1,13,13,SLOT,L,,,SLOW HITCH,Pass,Complete,1,1,9,R,3,DALLAS,,,,,,,,,13,Cris Gómez,1,María Vidal,,
AUT,36,1,D,4,2,4,4,SLOT,R,,,C-CROSS,Pass,Incomplete,1,0,0,R,6,GOAL LINE,,,,,,,,,,,1,María Vidal,,
AUT,37,1,D,4,3,4,4,SLOT,L,,,X-CROSS,Pass,Incomplete,1,0,0,L,4,GOAL LINE,,,,,,,,,,,1,María Vidal,,
AUT,38,1,D,4,4,4,4,SLOT,R,,,C-CROSS,Pass,"Complete, TD",1,1,4,R,3,GOAL LINE,,,,,,,,,,,1,María Vidal,,
AUT,39,1,K,4,0,,5,SLOT,L,,,,Extra Pt. Block,Good,1,1,5,L,1,GOAL LINE,,,,,,,,,,,,,,
AUT,40,1,O,4,1,20,-5,SLOT,R,,,,Pass,Incomplete,1,0,0,L,1,,10,Monica Rafecas,,,,,,,,,,,,
AUT,41,1,O,4,2,20,-5,SLOT,L,,,,Pass,Complete,1,1,6,R,3,,10,Monica Rafecas,3,Violeta Alexandra Wiksten,,,,,,,,,,
AUT,42,1,O,4,3,14,-11,SLOT,R,,,,Pass,Sack,,,-1,R,,,3,Violeta Alexandra Wiksten,,,,,,,,,,,,
AUT,43,2,O,5,1,20,-5,SLOT TIGHT,R,,,,Pass,Complete,1,1,12,R,3,,10,Monica Rafecas,9,Olga Sotillo Val,,,,,,,,,,
AUT,44,2,O,5,2,8,-17,ISO,L,,,,Pass,Incomplete,1,0,0,R,3,,10,Monica Rafecas,,,,,,,,,,,,
AUT,45,2,O,5,3,8,-17,ISO,L,,,,Run,Rush,,,0,R,,,,,,,,,,,,,,,9,Olga Sotillo Val
AUT,46,2,O,5,4,8,-17,ISO,L,,,,Pass,1st DN,1,1,10,L,4,,10,Monica Rafecas,9,Olga Sotillo Val,,,,,,,,,,
AUT,47,2,O,5,1,23,23,SLOT,R,,,,Pass,Complete,1,1,7,R,6,,10,Monica Rafecas,4,Maria del Mar,,,,,,,,,,
AUT,48,2,O,5,2,16,16,DOBLE TIGHT,R,,,,Run,Rush,,,3,L,,,,,,,,,,,,,,,9,Olga Sotillo Val
AUT,49,2,O,5,3,13,13,SLOT TIGHT,R,,,,Pass,Incomplete,1,0,0,R,5,,10,Monica Rafecas,,,,,,,,,,,,
AUT,50,2,O,5,4,13,13,TRIPS,R,,,,Pass,Batted Down,1,0,0,R,5,,10,Monica Rafecas,,,,,,,,,,,,
AUT,51,2,D,5,1,20,-5,SLOT,L,,,SLOW HITCH,Pass,Complete,1,1,5,R,3,REGULAR,,,,,,,,,6,Laia Girona,1,María Vidal,,
AUT,52,2,D,5,2,15,-10,TIGHT,R,,,SLOW HITCH,Pass,Complete,1,1,9,L,1,REGULAR,,,,,,,,,6,Laia Girona,1,María Vidal,,
AUT,53,2,D,5,3,6,-19,SLOT,L,,,SMASH,Pass,Incomplete,1,0,0,R,3,KANSAS,,,,,,,,,,,1,María Vidal,,
AUT,54,2,D,5,4,6,-19,SLOT,R,,,GANCHOS X-BACK,Pass,Incomplete,1,0,0,L,8,REGULAR,,,,,,,,,,,1,María Vidal,,
AUT,55,2,O,6,1,20,-5,SLOT,L,,,,Pass,Complete,1,1,11,L,2,,10,Monica Rafecas,3,Violeta Alexandra Wiksten,,,,,,,,,,
AUT,56,2,O,6,2,9,-16,SLOT,L,,,,Pass,Complete,1,1,3,L,1,,10,Monica Rafecas,11,Emma García,,,,,,,,,,
AUT,57,2,O,6,3,6,-19,ISO,L,,,,Pass,1st DN,1,1,25,R,9,,10,Monica Rafecas,11,Emma García,,,,,,,,,,
AUT,58,2,O,6,1,6,6,SLOT,L,,,,Pass,Dropped,1,0,0,R,3,,10,Monica Rafecas,4,Maria del Mar,,,,,,,,,,
AUT,59,2,O,6,2,6,6,DOBLE TIGHT,R,,,,Pass,Complete,1,1,5,R,3,,10,Monica Rafecas,3,Violeta Alexandra Wiksten,,,,,,,,,,
AUT,60,2,O,6,3,2,2,SLOT,L,,,,Pass,"Complete, TD",1,1,2,L,1,,10,Monica Rafecas,11,Emma García,,,,,,,,,,
AUT,61,2,K,6,0,,10,SLOT,L,,,,2 Pt.,Good,1,1,,L,8,,10,Monica Rafecas,11,Emma García,,,,,,,,,,
AUT,62,2,D,6,1,20,-5,TIGHT,R,,,C-CROSS,Pass,Dropped,1,0,0,R,3,REGULAR,,,,,,,,,,,1,María Vidal,,
AUT,63,2,D,6,2,20,-5,SLOT,R,,,GANCHOS,Pass,Complete,1,1,13,L,1,DALLAS,,,,,,,,,13,Cris Gómez,1,María Vidal,,
AUT,64,2,D,6,3,7,-18,SLOT,L,,,Y-MEDIO,Pass,1st DN,1,1,15,L,2,REGULAR,,,,,,,,,6,Laia Girona,1,María Vidal,,
AUT,65,2,D,6,1,19,19,SLOT,R,,,GANCHOS,Pass,Complete,1,1,10,R,2,REGULAR,,,,,,,,,8,Ana Leal,1,María Vidal,,
AUT,66,2,D,6,2,9,9,SLOT,R,,,GANCHOS Z-GO,Pass,"Complete, TD",1,1,9,R,9,REGULAR,,,,,,,,,,,7,Elvira Núñez Calzado,,
AUT,67,2,K,6,0,,3,SLOT,L,,,,2 Pt. Defend,Good,1,1,,L,4,DALLAS WAKANDA,,,,,,,,,,,,,,
AUT,68,2,O,7,1,22,-3,SLOT TIGHT,R,,,,Pass,Incomplete,1,0,0,L,7,,10,Monica Rafecas,,,,,,,,,,,,
AUT,69,2,O,7,2,22,-3,SLOT,L,,,,Pass,Complete,1,1,4,R,3,,10,Monica Rafecas,3,Violeta Alexandra Wiksten,,,,,,,,,,
AUT,70,2,O,7,3,18,-7,SLOT,L,,,,Pass,Penalty,,,10,R,9,,10,Monica Rafecas,4,Maria del Mar,,,,,,,,,,
AUT,71,2,O,7,1,7,-18,DOBLE TIGHT,R,,,,Pass,Complete,1,1,6,R,3,,10,Monica Rafecas,3,Violeta Alexandra Wiksten,,,,,,,,,,
AUT,72,2,O,7,2,1,-24,SLOT,R,,,,Pass,"Complete, TD",1,1,26,R,8,,10,Monica Rafecas,9,Olga Sotillo Val,,,,,,,,,,
AUT,73,2,K,7,0,,5,SLOT,R,,,,Extra Pt.,Good,1,1,,R,2,,10,Monica Rafecas,9,Olga Sotillo Val,,,,,,,,,,
AUT,74,2,D,7,1,20,-5,SLOT,L,,,QUICK PITCH,Pass,Complete,1,1,8,L,1,REGULAR,,,,,,,,,8,Ana Leal,1,María Vidal,,
AUT,75,2,D,7,2,12,-13,SLOT,R,,,GANCHOS LARGOS,Pass,1st DN,1,1,13,R,2,FALCON,,,,,,,,,8,Ana Leal,1,María Vidal,,
AUT,76,2,D,7,1,24,24,SLOT,R,,,GANCHOS LARGOS,Pass,Complete,1,1,13,R,2,KANSAS,,,,,,,,,6,Laia Girona,7,Elvira Núñez Calzado,,
AUT,77,2,D,7,2,11,11,SLOT,R,,,GANCHOS,Pass,Complete,1,1,8,R,2,GOAL LINE,,,,,,,,,8,Ana Leal,7,Elvira Núñez Calzado,,
AUT,78,2,D,7,3,3,3,SLOT,R,,,C-BACK,Pass,Incomplete,1,0,0,R,6,REGULAR,,,,,,,,,,,1,María Vidal,,
AUT,79,2,D,7,4,3,3,SLOT,R,,,C-CROSS Y-PICK,Pass,"Complete, TD",1,1,3,R,3,REGULAR,,,,,,,,,,,1,María Vidal,,
AUT,80,2,K,7,0,,5,SLOT,R,,,,Extra Pt. Block,Good,1,1,5,R,6,REGULAR,,,,,,,,,,,,,,
AUT,81,2,O,8,1,20,-5,TIGHT,R,,,,Pass,Complete,1,1,7,R,3,,10,Monica Rafecas,9,Olga Sotillo Val,,,,,,,,,,
AUT,82,2,O,8,2,13,-12,SLOT,R,,,,Pass,Complete,1,1,7,R,3,,9,Olga Sotillo Val,4,Maria del Mar,,,,,,,,,,
AUT,83,2,O,8,3,6,-19,TRIPS,R,,,,Pass,1st DN,1,1,12,R,2,,10,Monica Rafecas,9,Olga Sotillo Val,,,,,,,,,,
AUT,84,2,O,8,1,19,19,TRIPS,R,,,,Pass,Batted Down,1,0,0,R,9,,10,Monica Rafecas,,,,,,,,,,,,
FRA,1,1,D,1,1,20,-5,TRIPS,R,,,,Pass,Complete,1,1,18,L,7,REGULAR,,,,,,,,,,,1,María Vidal,,
FRA,2,1,D,1,2,2,-23,SLOT,R,,,GADCHET,Run,Rush,,,6,L,,DALLAS,,,,,,,,,13,Cris Gómez,1,María Vidal,,
FRA,3,1,D,1,1,21,21,SLOT,R,,,,Pass,Complete,1,1,8,L,1,DALLAS,,,,,,,,,13,Cris Gómez,1,María Vidal,,
FRA,4,1,D,1,2,13,13,BUNCH,R,,,Z-STICK,Pass,Complete,1,1,5,R,3,DALLAS,,,,,,,,,8,Ana Leal,1,María Vidal,,
FRA,5,1,D,1,3,8,8,SLOT,R,,,C-BACK,Pass,Batted Down,1,0,0,R,9,REGULAR,,,,,,,8,Ana Leal,,,,,,
FRA,6,1,D,1,4,8,8,ARROW,L,,,,Pass,Penalty,,,-5,,,,,,,,,,,,,,1,María Vidal,,
FRA,7,1,D,1,4,13,13,SLOT,R,,,DOBLE QB,Pass,Complete,1,1,11,R,6,LINE,,,,,,,,,13,Cris Gómez,1,María Vidal,,
FRA,8,1,O,1,1,20,-5,SLOT,R,,,COUGAR,Pass,Incomplete,1,0,0,R,9,,10,Monica Rafecas,,,,,,,,,,,,
FRA,9,1,O,1,2,20,-5,SLOT,R,,,HITCHES,Pass,Complete,1,1,11,R,2,,10,Monica Rafecas,9,Olga Sotillo Val,,,,,,,,,,
FRA,10,1,O,1,3,9,-16,SLOT,R,,,Z-MEDIO,Pass,Complete,1,1,6,L,1,,10,Monica Rafecas,3,Violeta Alexandra Wiksten,,,,,,,,,,
FRA,11,1,O,1,4,3,-22,SLOT,R,,,BREAD AND BUTTER,Pass,1st DN,1,1,10,R,3,,10,Monica Rafecas,9,Olga Sotillo Val,,,,,,,,,,
FRA,12,1,O,1,1,18,18,,,,,FRENCHIE Y-GO,Pass,"Complete, TD",1,1,18,R,8,,10,Monica Rafecas,9,Olga Sotillo Val,,,,,,,,,,
FRA,13,1,K,1,0,5,5,SLOT,R,,,BREAD AND BUTTER,Extra Pt.,No Good,1,0,,R,3,,10,Monica Rafecas,,,,,,,,,,,,
FRA,14,1,D,2,1,20,-5,SLOT,L,,,Y-STICK,Pass,Complete,1,1,12,R,3,REGULAR,,,,,,,,,6,Laia Girona,1,María Vidal,,
FRA,15,1,D,2,2,8,-17,SLOT,R,,,GANCHOS,Pass,Complete,1,1,7,R,3,KANSAS,,,,,,,,,8,Ana Leal,1,María Vidal,,
FRA,16,1,D,2,3,1,-24,SLOT,L,,,,Pass,"Complete, TD",1,1,26,R,9,DALLAS,,,,,,,,,,,1,María Vidal,,
FRA,17,1,K,2,0,5,5,BUNCH,R,,,,Extra Pt. Block,Good,1,1,5,L,4,GOAL LINE,,,,,,,,,,,1,María Vidal,,
FRA,18,1,O,2,1,20,-5,SLOT,L,,,X-MEDIO,Pass,Complete,1,1,12,L,2,,10,Monica Rafecas,11,Emma García,,,,,,,,,,
FRA,19,1,O,2,2,8,-17,SLOT,L,,,MONEY,Pass,Incomplete,1,0,0,R,1,,10,Monica Rafecas,,,,,,,,,,,,
FRA,20,1,O,2,3,8,-17,ISO,R,,,ISO DRAG,Pass,Sack,,,-5,,,,10,Monica Rafecas,,,,,,,,,,,,
FRA,21,1,O,2,4,13,-12,TRIPS,R,,,FRENCHFRIES,Pass,Batted Down,1,0,0,R,6,,10,Monica Rafecas,,,,,,,,,,,,
FRA,22,1,D,3,1,20,-5,SLOT,R,,,Y-STICK,Pass,Dropped,1,0,0,R,3,DALLAS,,,,,,,,,,,1,María Vidal,,
FRA,23,1,D,3,2,20,-5,SLOT,L,,,Y-MEDIO,Pass,Batted Down,1,0,0,R,9,DALLAS,,,,,,,6,Laia Girona,,,1,María Vidal,,
FRA,24,1,D,3,3,20,-5,ARROW,L,,,,Pass,Complete,1,1,11,L,4,DALLAS,,,,,,,,,,,1,María Vidal,,
FRA,25,1,D,3,4,9,-16,BUNCH,R,,,,Pass,Incomplete,1,0,0,L,5,KANSAS,,,,,,,,,,,1,María Vidal,,
FRA,26,1,O,3,1,20,-5,ISO,L,,,ISO DRAG,Pass,Complete,1,1,14,L,2,,10,Monica Rafecas,3,Violeta Alexandra Wiksten,,,,,,,,,,
FRA,27,1,O,3,2,6,-19,SLOT,L,,,HITCHES,Pass,Incomplete,1,0,0,R,9,,10,Monica Rafecas,,,,,,,,,,,,
FRA,28,1,O,3,3,6,-19,SLOT,L,,,Z-MEDIO,Pass,1st DN,1,1,23,R,2,,10,Monica Rafecas,4,Maria del Mar,,,,,,,,,,
FRA,29,1,O,3,1,8,8,DOBLE TIGHT,R,,,FRENCHIE,Pass,Complete,1,1,5,R,3,,10,Monica Rafecas,3,Violeta Alexandra Wiksten,,,,,,,,,,
FRA,30,1,O,3,2,3,3,SLOT,L,,,DAREDEVIL,Pass,"Complete, TD",1,1,3,L,1,,10,Monica Rafecas,11,Emma García,,,,,,,,,,
FRA,31,1,K,3,0,5,5,ISO,L,,,ISO BUNCH5,Extra Pt.,Good,1,1,,R,3,,10,Monica Rafecas,3,Violeta Alexandra Wiksten,,,,,,,,,,
FRA,32,1,D,4,1,20,-5,TRIPS,R,,,C-STICK,Pass,Complete,1,1,7,L,1,REGULAR,,,,,,,,,6,Laia Girona,1,María Vidal,,
FRA,33,1,D,4,2,13,-12,TRIPS,L,,,C-STICK,Pass,Complete,1,1,9,L,1,DALLAS,,,,,,,,,,,1,María Vidal,,
FRA,34,1,D,4,3,4,-21,TRIPS,L,,,C-STICK,Pass,Batted Down,1,0,0,L,7,KANSAS,,,,,,,13,Cris Gómez,,,7,Elvira Núñez Calzado,,
FRA,35,1,D,4,4,4,-21,BUNCH,R,,,Z-STICK,Pass,1st DN,1,1,7,R,3,REGULAR,,,,,,,,,6,Laia Girona,7,Elvira Núñez Calzado,,
FRA,36,1,D,4,1,22,22,SLOT,L,,,Z-CROSS,Pass,Interception,1,0,0,R,9,DALLAS,,,,,6,Laia Girona,,,,,1,María Vidal,,
FRA,37,1,O,4,1,12,-13,SLOT,L,,,HITCHES,Pass,Complete,1,1,7,R,3,,10,Monica Rafecas,4,Maria del Mar,,,,,,,,,,
FRA,38,1,O,4,2,5,-20,SLOT TIGHT,R,,,ASPAS,Pass,1st DN,1,1,9,L,2,,10,Monica Rafecas,11,Emma García,,,,,,,,,,
FRA,39,1,O,4,1,21,21,SLOT,R,,,HITCHES,Pass,Complete,1,1,9,R,3,,10,Monica Rafecas,9,Olga Sotillo Val,,,,,,,,,,
FRA,40,1,O,4,2,12,12,BUNCH,R,,,X LEAK,Pass,Complete,1,1,7,R,3,,10,Monica Rafecas,11,Emma García,,,,,,,,,,
FRA,41,1,O,4,3,5,5,SLOT,L,,,HONEY,Pass,"Complete, TD",1,1,5,L,1,,9,Olga Sotillo Val,3,Violeta Alexandra Wiksten,,,,,,,,,,
FRA,42,1,K,4,0,5,5,BUNCH,R,,,X LEAK,Extra Pt.,Good,1,1,,R,3,,10,Monica Rafecas,11,Emma García,,,,,,,,,,
FRA,43,1,D,5,1,20,-5,SLOT,R,,,C-BACK,Pass,Complete,1,1,4,R,3,DALLAS,,,,,,,,,8,Ana Leal,1,María Vidal,,
FRA,44,1,D,5,2,16,-9,TIGHT,R,,,SMASH,Pass,Incomplete,1,0,0,L,1,KANSAS,,,,,,,,,,,1,María Vidal,,
FRA,45,1,D,5,3,16,-9,SLOT,L,,,FLOOD,Pass,Complete,1,1,6,L,1,KANSAS,,,,,,,,,,,7,Elvira Núñez Calzado,,
FRA,46,1,D,5,4,10,-15,SLOT,R,,,,Pass,Complete,1,1,9,R,3,KANSAS,,,,,,,,,8,Ana Leal,7,Elvira Núñez Calzado,,
FRA,47,1,O,5,1,20,-5,ISO,L,,,ISO DRAG,Pass,Complete,1,1,9,R,2,,10,Monica Rafecas,3,Violeta Alexandra Wiksten,,,,,,,,,,
FRA,48,1,O,5,2,11,-14,SLOT,R,,,HITCHES,Pass,Batted Down,1,0,0,R,,,10,Monica Rafecas,,,,,,,,,,,,
FRA,49,1,O,5,3,11,-14,SLOT,R,,,SHOOT-GO,Pass,Incomplete,1,0,0,L,1,,10,Monica Rafecas,,,,,,,,,,,,
FRA,50,1,O,5,4,11,-14,SLOT,R,,,XP-2,Pass,Batted Down,1,0,0,L,4,,10,Monica Rafecas,,,,,,,,,,,,
FRA,51,1,D,6,1,20,-5,SLOT,R,,,C-CROSS,Pass,Complete,1,1,10,L,2,KANSAS,,,,,,,,,,,1,María Vidal,,
FRA,52,1,D,6,2,10,-15,SLOT,R,,,PANTALLAS,Pass,Complete,1,1,7,L,1,JAULA,,,,,,,,,6,Laia Girona,1,María Vidal,,
FRA,53,2,O,6,1,20,-5,SLOT,R,,,C-CROSS,Pass,Complete,1,1,5,R,3,,10,Monica Rafecas,3,Violeta Alexandra Wiksten,,,,,,,,,,
FRA,54,2,O,6,2,15,-10,ISO,L,,,ISO DRAG,Pass,Complete,1,1,13,L,2,,10,Monica Rafecas,3,Violeta Alexandra Wiksten,,,,,,,,,,
FRA,55,2,O,6,3,2,-23,SLOT,R,,,Z-MEDIO,Pass,1st DN,1,1,17,R,5,,10,Monica Rafecas,4,Maria del Mar,,,,,,,,,,
FRA,56,2,O,6,1,10,10,SLOT,L,,,X-MOTION Y-NASTY,Pass,Incomplete,1,0,0,L,7,,10,Monica Rafecas,,,,,,,,,,,,
FRA,57,2,O,6,2,10,10,SLOT TIGHT,R,,,SHOOT-GO,Pass,Complete,1,1,7,L,1,,10,Monica Rafecas,3,Violeta Alexandra Wiksten,,,,,,,,,,
FRA,58,2,O,6,3,3,3,SLOT,L,,,DAREDEVIL,Pass,"Complete, TD",1,1,3,L,1,,10,Monica Rafecas,11,Emma García,,,,,,,,,,
FRA,59,2,K,6,0,5,5,BUNCH,R,,,X LEAK,Extra Pt.,Good,1,1,,R,6,,10,Monica Rafecas,9,Olga Sotillo Val,,,,,,,,,,
FRA,60,2,D,7,1,20,-5,TRIPS,R,,,Y-CROSS Z-MEDIO,Pass,Complete,1,1,10,R,2,INDIANA,,,,,,,,,5,Estefanía Sastre Lois,1,María Vidal,,
FRA,61,2,D,7,2,10,-15,TRIPS,R,,,C-STICK,Pass,Complete,1,1,6,L,1,DALLAS,,,,,,,,,5,Estefanía Sastre Lois,1,María Vidal,,
FRA,62,2,D,7,3,4,-21,SLOT,R,,,DOBLE QB,Pass,Batted Down,1,0,0,L,1,DALLAS,,,,,,,13,Cris Gómez,,,7,Elvira Núñez Calzado,,
FRA,63,2,D,7,4,4,-21,TRIPS,R,,,Y-STICK,Pass,Penalty,,,10,R,9,DALLAS,,,,,,,,,,,7,Elvira Núñez Calzado,,
FRA,64,2,D,7,1,19,19,TRIPS,R,,,,Pass,Complete,1,1,10,L,1,DALLAS,,,,,,,,,6,Laia Girona,1,María Vidal,,
FRA,65,2,D,7,2,9,9,SLOT,R,,,,Pass,Complete,1,1,3,R,3,GOAL LINE,,,,,,,,,13,Cris Gómez,1,María Vidal,,
FRA,66,2,D,7,3,6,6,ARROW,L,,,GADCHET PASE,Pass,"Complete, TD",1,1,6,L,1,GOAL LINE,,,,,,,,,,,7,Elvira Núñez Calzado,,
FRA,67,2,K,7,0,5,5,SLOT,R,,,,Extra Pt. Block,Good,1,1,5,L,1,GOAL LINE,,,,,,,,,,,7,Elvira Núñez Calzado,,
FRA,68,2,O,7,1,20,-5,SLOT,R,,,SHOOT-GO,Pass,Complete,1,1,8,L,1,,10,Monica Rafecas,3,Violeta Alexandra Wiksten,,,,,,,,,,
FRA,69,2,O,7,2,12,-13,SLOT TIGHT,R,,,Z-REVERSE,Run,Rush,,,27,L,,,,,,,,,,,,,,,4,Maria del Mar
FRA,70,2,O,7,1,10,10,ISO,L,,,ISO DRAG,Pass,Batted Down,1,0,0,R,6,,10,Monica Rafecas,,,,,,,,,,,,
FRA,71,2,O,7,2,10,10,DOBLE TIGHT,R,,,FRENCHIE,Pass,Incomplete,1,0,0,R,3,,10,Monica Rafecas,,,,,,,,,,,,
FRA,72,2,O,7,3,10,10,SLOT,R,,,HITCHES,Pass,Batted Down,1,0,0,R,3,,10,Monica Rafecas,,,,,,,,,,,,
FRA,73,2,O,7,4,10,10,SLOT,L,,,L-CROSS,Pass,Dropped,1,0,0,L,5,,10,Monica Rafecas,11,Emma García,,,,,,,,,,
FRA,74,2,D,8,1,20,-5,SLOT,R,,,GANCHOS,Pass,Complete,1,1,6,L,1,DALLAS,,,,,,,,,13,Cris Gómez,1,María Vidal,,
FRA,75,2,D,8,2,14,-11,ARROW,L,,,MESH Y-STICK,Pass,Complete,1,1,12,L,2,DALLAS,,,,,,,,,13,Cris Gómez,1,María Vidal,,
FRA,76,2,D,8,3,2,-23,TRIPS,R,,,Y-WHEEL,Pass,Incomplete,1,0,0,R,9,DALLAS,,,,,,,,,,,7,Elvira Núñez Calzado,,
FRA,77,2,D,8,4,2,-23,BUNCH,R,,,GADCHET,Run,1st DN,,,10,L,,,,,,,,,,,6,Laia Girona,7,Elvira Núñez Calzado,,
FRA,78,2,D,8,1,17,17,SLOT,R,,,,Pass,Incomplete,1,0,0,L,1,DALLAS,,,,,,,,,,,1,María Vidal,,
FRA,79,2,D,8,2,17,17,SLOT,R,,,,Pass,Complete,1,1,8,R,3,DALLAS,,,,,,,,,,,1,María Vidal,,
FRA,80,2,D,8,3,9,9,ARROW,R,,,GADCHET PASE,Pass,Complete,1,1,6,L,1,GOAL LINE,,,,,,,,,6,Laia Girona,7,Elvira Núñez Calzado,,
FRA,81,2,D,8,4,3,3,BUNCH,L,,,,Pass,"Complete, TD",1,1,3,L,4,GOAL LINE,,,,,,,,,,,7,Elvira Núñez Calzado,,
FRA,82,2,K,8,0,5,5,TRIPS,L,,,,2 Pt. Defend,Good,1,1,,L,1,GOAL LINE,,,,,,,,,,,1,María Vidal,,
FRA,83,2,O,8,1,20,-5,SLOT TIGHT,R,,,,Pass,Complete,1,1,8,L,2,,10,Monica Rafecas,11,Emma García,,,,,,,,,,
FRA,84,2,O,8,2,12,-13,SLOT TIGHT,R,,,SHOOT-GO,Pass,Penalty,,,-10,L,1,,10,Monica Rafecas,,,,,,,,,,,,
FRA,85,2,O,8,3,21,-4,SLOT,L,,,HITCHES,Pass,Complete,1,1,8,R,3,,10,Monica Rafecas,4,Maria del Mar,,,,,,,,,,
FRA,86,2,O,8,4,13,-12,SLOT,R,,,,Pass,Incomplete,1,0,0,R,5,,10,Monica Rafecas,,,,,,,,,,,,
FRA,87,2,D,9,1,20,-5,SLOT,L,,,Y-STICK,Pass,Complete,1,1,8,L,2,KANSAS,,,,,,,,,8,Ana Leal,7,Elvira Núñez Calzado,,
FRA,88,2,D,9,2,12,-13,SLOT,L,,,Y-STICK,Pass,Complete,1,1,7,L,1,KANSAS,,,,,,,,,8,Ana Leal,7,Elvira Núñez Calzado,,
FRA,89,2,D,9,3,5,-20,SLOT,R,,,Z-MEDIO,Pass,1st DN,1,1,8,L,1,JAULA,,,,,,,,,6,Laia Girona,1,María Vidal,,
FRA,90,2,D,9,1,22,22,SLOT,R,,,,Pass,Complete,1,1,5,R,3,JAULA,,,,,,,,,,,1,María Vidal,,
FRA,91,2,D,9,2,17,17,TIGHT,R,,,SMASH,Pass,Complete,1,1,5,R,3,JAULA,,,,,,,,,6,Laia Girona,7,Elvira Núñez Calzado,,
FRA,92,2,D,9,3,12,12,SLOT,R,,,,Pass,Offsetting Penalties,,,0,L,4,JAULA,,,,,,,,,,,7,Elvira Núñez Calzado,,
FRA,93,2,D,9,3,12,12,SLOT,L,,,C-CROSS,Pass,Incomplete,1,0,0,L,1,LINE,,,,,,,,,,,1,María Vidal,,
FRA,94,2,D,9,4,12,12,TRIPS,L,,,,Pass,Penalty,,,-5,,,LINE,,,,,,,,,,,1,María Vidal,,
FRA,95,2,D,9,4,17,17,SLOT,L,,,,Pass,Complete,1,1,15,R,6,LINE,,,,,,,,,6,Laia Girona,1,María Vidal,,
USA,1,1,O,1,1,20,-5,SLOT,R,,,,Pass,Complete,1,1,9,L,1,,10,Monica Rafecas,11,Emma García,,,,,,,,,,
USA,2,1,O,1,2,11,-14,DOBLE TIGHT,R,,,,Pass,Penalty,,,-5,R,3,,10,Monica Rafecas,,,,,,,,,,,,
USA,3,1,O,1,3,16,-9,ISO,L,,,,Pass,Incomplete,1,0,0,R,9,,10,Monica Rafecas,,,,,,,,,,,,
USA,4,1,O,1,4,16,-9,SLOT TIGHT,R,,,,Run,Rush,,,2,L,,,,,,,,,,,,,,,4,Maria del Mar
USA,5,1,D,1,1,20,-5,SLOT,R,,,,Pass,1st DN,1,1,36,L,7,DALLAS,,,,,,,,,,,1,María Vidal,,
USA,6,1,D,1,1,9,9,ARROW,R,,,,Pass,Dropped,1,0,0,R,2,DALLAS,,,,,,,,,,,1,María Vidal,,
USA,7,1,D,1,2,9,9,TRIPS,L,,,,Pass,Complete,1,1,5,L,1,GOAL LINE,,,,,,,,,8,Ana Leal,7,Elvira Núñez Calzado,,
USA,8,1,D,1,3,4,4,ARROW,R,,,,Pass,Incomplete,1,0,0,L,4,GOAL LINE,,,,,,,,,,,7,Elvira Núñez Calzado,,
USA,9,1,D,1,4,4,4,SLOT,R,,,,Pass,"Complete, TD",1,1,4,L,1,GOAL LINE,,,,,,,,,,,1,María Vidal,,
USA,10,1,K,1,0,5,5,USA,R,,,,Extra Pt. Block,No Good,1,0,0,R,2,GOAL LINE,,,,,,,,,,,,,,
USA,11,1,O,2,1,22,-2,SLOT,R,,,,Pass,Complete,1,1,5,L,1,,10,Monica Rafecas,3,Violeta Alexandra Wiksten,,,,,,,,,,
USA,12,1,O,2,2,17,-8,SLOT,L,,,X-MEDIO,Pass,Complete,1,1,9,R,2,,10,Monica Rafecas,11,Emma García,,,,,,,,,,
USA,13,1,O,2,3,8,-17,ISO,L,,,,Pass,Incomplete,1,0,0,R,3,,10,Monica Rafecas,,,,,,,,,,,,
USA,14,1,O,2,4,8,-17,ISO,L,,,,Pass,"Complete, TD",1,1,33,L,4,,10,Monica Rafecas,9,Olga Sotillo Val,,,,,,,,,,
USA,15,1,K,2,0,5,-5,DOBLES,R,,,,Extra Pt.,Good,1,1,,R,3,,10,Monica Rafecas,9,Olga Sotillo Val,,,,,,,,,,
USA,16,1,D,2,1,20,-5,SLOT,L,,,,Pass,Complete,1,1,11,R,3,DALLAS,,,,,,,,,6,Laia Girona,7,Elvira Núñez Calzado,,
USA,17,1,D,2,2,9,-16,SLOT,L,,,,Pass,Complete,1,1,3,R,3,DALLAS,,,,,,,,,13,Cris Gómez,7,Elvira Núñez Calzado,,
USA,18,1,D,2,3,6,-19,SLOT,R,,,,Pass,Complete,1,1,2,L,1,KANSAS,,,,,,,,,5,Estefanía Sastre Lois,1,María Vidal,,
USA,19,1,D,2,4,4,-21,ARROW,R,,,,Pass,1st DN,1,1,6,L,2,INDIANA,,,,,,,,,13,Cris Gómez,1,María Vidal,,
USA,20,1,D,2,1,23,23,SLOT,R,,,,Pass,Complete,1,1,7,R,3,DALLAS,,,,,,,,,8,Ana Leal,7,Elvira Núñez Calzado,,
USA,21,1,D,2,2,16,16,SLOT,L,,,,Pass,Incomplete,1,0,0,R,3,DALLAS,,,,,,,,,,,7,Elvira Núñez Calzado,,
USA,22,1,S,2,,,,,,,,,,,,,0,,,,,,,,,,,,,,,,,
USA,23,1,D,2,3,16,16,SLOT,L,,,,Pass,Dropped,1,0,0,L,4,DALLAS,,,,,,,,,,,1,María Vidal,,
USA,24,1,D,2,4,16,16,I,R,,,,Pass,Batted Down,1,0,0,R,9,LINE,,,,,,,6,Laia Girona,,,1,María Vidal,,
USA,25,1,O,3,1,20,-5,SLOT,R,,,,Pass,Incomplete,1,0,0,R,9,,10,Monica Rafecas,,,,,,,,,,,,
USA,26,1,O,3,2,20,-5,SLOT,R,,,,Pass,Complete,1,1,5,L,1,,10,Monica Rafecas,3,Violeta Alexandra Wiksten,,,,,,,,,,
USA,27,1,O,3,3,15,-10,SLOT,R,,,,Pass,Complete,1,1,7,R,3,,10,Monica Rafecas,9,Olga Sotillo Val,,,,,,,,,,
USA,28,1,O,3,4,8,-17,ISO,L,,,,Pass,1st DN,1,1,10,L,4,,10,Monica Rafecas,9,Olga Sotillo Val,,,,,,,,,,
USA,29,1,O,3,1,10,24,SLOT,L,,,,Pass,Incomplete,1,0,0,L,7,,10,Monica Rafecas,,,,,,,,,,,,
USA,30,1,O,3,2,24,24,SLOT TIGHT,L,,,,Pass,Complete,1,1,6,R,3,,10,Monica Rafecas,3,Violeta Alexandra Wiksten,,,,,,,,,,
USA,31,1,O,3,3,18,18,SLOT,L,,,,Pass,Incomplete,1,0,0,R,9,,10,Monica Rafecas,,,,,,,,,,,,
USA,32,1,O,3,4,18,18,TRIPS,R,,,,Pass,Incomplete,1,0,0,R,9,,10,Monica Rafecas,,,,,,,,,,,,
USA,33,1,D,3,1,20,-5,SLOT,L,,,,Pass,Complete,1,1,10,L,1,DALLAS,,,,,,,,,8,Ana Leal,7,Elvira Núñez Calzado,,
USA,34,1,D,3,2,10,-15,ARROW,R,,,,Pass,Complete,1,1,6,L,1,DALLAS,,,,,,,,,8,Ana Leal,7,Elvira Núñez Calzado,,
USA,35,1,D,3,3,4,-21,BUNCH,R,,,,Pass,1st DN,1,1,5,R,1,DALLAS,,,,,,,,,,,1,María Vidal,,
USA,36,1,D,3,1,23,23,BUNCH,R,,,DOBLE QB,Pass,Complete,1,1,-17,L,1,DALLAS,,,,,,,,,,,1,María Vidal,,
USA,37,1,D,3,2,35,-15,BUNCH,R,,,,Pass,Incomplete,1,0,0,R,6,KANSAS,,,,,,,,,,,7,Elvira Núñez Calzado,,
USA,38,1,D,3,3,35,-15,BUNCH,R,,,,Pass,Complete,1,1,18,L,4,EAGLE,,,,,,,,,8,Ana Leal,7,Elvira Núñez Calzado,,
USA,39,1,D,3,4,17,17,SLOT,L,,,,Pass,Incomplete,1,0,0,L,7,GOAL LINE,,,,,,,,,,,1,María Vidal,,
USA,40,1,O,4,1,20,-5,SLOT,R,,,,Pass,Complete,1,1,10,R,1,,10,Monica Rafecas,9,Olga Sotillo Val,,,,,,,,,,
USA,41,1,O,4,2,10,-15,SLOT,L,,,,Pass,Incomplete,1,0,0,L,1,,10,Monica Rafecas,,,,,,,,,,,,
USA,42,1,O,4,3,10,-15,SLOT,R,,,,Pass,1st DN,1,1,12,R,3,,10,Monica Rafecas,9,Olga Sotillo Val,,,,,,,,,,
USA,43,1,O,4,1,23,23,5-WIDE,BAL,,,,Pass,Complete,1,1,10,L,1,,9,Olga Sotillo Val,3,Violeta Alexandra Wiksten,,,,,,,,,,
USA,44,1,O,4,2,13,13,DOBLE TIGHT,R,,,,Pass,Complete,1,1,4,R,1,,10,Monica Rafecas,3,Violeta Alexandra Wiksten,,,,,,,,,,
USA,45,1,O,4,3,9,9,SLOT,R,,,,Pass,Incomplete,1,0,0,L,1,,10,Monica Rafecas,,,,,,,,,,,,
USA,46,2,D,4,1,20,-5,SLOT,L,,,,Pass,1st DN,1,1,31,L,7,DALLAS,,,,,,,,,,,7,Elvira Núñez Calzado,,
USA,47,2,D,4,1,14,14,ARROW,L,,,,Pass,Complete,1,1,4,R,3,KANSAS,,,,,,,,,8,Ana Leal,7,Elvira Núñez Calzado,,
USA,48,2,D,4,2,10,10,TRIPS,L,,,,Pass,Complete,1,1,6,R,2,GOAL LINE,,,,,,,,,6,Laia Girona,1,María Vidal,,
USA,49,2,D,4,3,4,4,SLOT,L,,,,Pass,Penalty,,,2,R,6,GOAL LINE,,,,,,,,,,,1,María Vidal,,
USA,50,2,D,4,1,2,2,BUNCH,L,,,,Pass,Incomplete,1,0,0,R,3,GOAL LINE,,,,,,,,,,,7,Elvira Núñez Calzado,,
USA,51,2,D,4,2,2,2,SLOT,L,,,,Pass,"Complete, TD",1,1,2,R,5,GOAL LINE,,,,,,,,,,,,,,
USA,52,2,K,4,0,5,-5,SLOT,L,,,,Extra Pt. Block,No Good,1,0,0,L,4,GOAL LINE,,,,,,,5,Estefanía Sastre Lois,,,,,,
USA,53,2,O,5,1,20,-5,TRIPS,L,,,,Pass,Complete,1,1,4,L,1,,10,Monica Rafecas,3,Violeta Alexandra Wiksten,,,,,,,,,,
USA,54,2,O,5,2,15,-9,ARROW,L,,,,Pass,Incomplete,1,0,0,R,2,,10,Monica Rafecas,,,,,,,,,,,,
USA,55,2,O,5,3,15,-9,5-WIDE,BAL,,,,Pass,Complete,1,1,2,R,3,,10,Monica Rafecas,3,Violeta Alexandra Wiksten,,,,,,,,,,
USA,56,2,O,5,4,13,-12,DOBLE TIGHT,R,,,,Run,Penalty,,,-5,,,,,,,,,,,,,,,,,
USA,57,2,O,5,4,18,-7,BUNCH,R,,,,Pass,Complete,1,1,9,R,3,,10,Monica Rafecas,4,Maria del Mar,,,,,,,,,,
USA,58,2,D,5,1,20,-5,ARROW,R,,,,Pass,Complete,1,1,7,R,3,KANSAS,,,,,,,,,6,Laia Girona,1,María Vidal,,
USA,59,2,D,5,2,13,-12,SLOT,L,,,,Pass,Complete,1,1,8,R,3,DALLAS,,,,,,,,,13,Cris Gómez,7,Elvira Núñez Calzado,,
USA,60,2,D,5,3,5,-20,BUNCH,R,,,,Pass,1st DN,1,1,8,R,3,INDIANA,,,,,,,,,6,Laia Girona,7,Elvira Núñez Calzado,,
USA,61,2,D,5,1,22,22,BUNCH,R,,,ASPAS Z-BACK,Pass,"Complete, TD",1,1,22,L,8,KANSAS,,,,,,,,,,,1,María Vidal,,
USA,62,2,K,5,0,5,5,TRIPS,R,,,,Extra Pt. Block,No Good,1,0,0,R,6,GOAL LINE,,,,,,,,,,,1,María Vidal,,
USA,63,2,O,6,1,20,-5,SLOT,R,,,Z-MEDIO,Pass,Complete,1,1,17,R,5,,10,Monica Rafecas,4,Maria del Mar,,,,,,,,,,
USA,64,2,O,6,2,3,-22,DOBLE TIGHT,R,,,,Run,Penalty,,,-5,L,,,,,,,,,,,,,,,,
USA,65,2,O,6,2,8,-17,ISO,L,,,,Pass,Incomplete,1,0,0,L,2,,10,Monica Rafecas,,,,,,,,,,,,
USA,66,2,O,6,3,8,-17,5-WIDE,BAL,,,,Pass,Complete,1,1,7,R,3,,10,Monica Rafecas,4,Maria del Mar,,,,,,,,,,
USA,67,2,O,6,4,1,-24,SLOT,L,,,DAREDEVIL,Pass,1st DN,1,1,4,L,1,,10,Monica Rafecas,11,Emma García,,,,,,,,,,
USA,68,2,O,6,1,21,21,SLOT,L,,,,Pass,Penalty,,,10,L,7,,,,,,,,,,,,,,,
USA,69,2,O,6,1,11,11,5-WIDE,BAL,,,,Pass,Incomplete,1,0,0,R,9,,10,Monica Rafecas,,,,,,,,,,,,
USA,70,2,O,6,2,11,11,DOBLE TIGHT,R,,,,Pass,Complete,1,1,9,R,3,,10,Monica Rafecas,3,Violeta Alexandra Wiksten,,,,,,,,,,
USA,71,2,O,6,3,2,2,SLOT,R,,,,Pass,Incomplete,1,0,0,R,2,,10,Monica Rafecas,,,,,,,,,,,,
USA,72,2,O,6,4,2,2,SLOT,L,,,DAREDEVIL,Pass,"Complete, TD",1,1,2,L,1,,10,Monica Rafecas,11,Emma García,,,,,,,,,,
USA,73,2,K,6,0,5,5,SLOT,R,,,,Extra Pt.,Good,1,1,,R,2,,10,Monica Rafecas,9,Olga Sotillo Val,,,,,,,,,,
USA,74,2,D,6,1,20,-5,SLOT,L,,,,Pass,Complete,1,1,10,R,3,DALLAS,,,,,,,,,,,7,Elvira Núñez Calzado,,
USA,75,2,D,6,2,10,-15,SLOT,L,,,GADCHET,Run,Rush,,,1,R,,KANSAS,,,,,,,,,,,7,Elvira Núñez Calzado,,
USA,76,2,D,6,3,9,-16,BUNCH,R,,,,Pass,Incomplete,1,0,0,R,9,KANSAS,,,,,,,,,,,1,María Vidal,,
USA,77,2,D,6,4,9,-16,ARROW,R,,,ASPAS Z-BACK,Pass,1st DN,1,1,11,R,2,KANSAS,,,,,,,,,8,Ana Leal,1,María Vidal,,
USA,78,2,D,6,1,23,23,SLOT,L,,,GADCHET,Run,Rush,,,0,R,,FALCON,,,,,,,,,7,Elvira Núñez Calzado,7,Elvira Núñez Calzado,,
USA,79,2,D,6,2,22,22,I,BAL,,,,Run,Rush,,,-12,,,,,,,,,,,,7,Elvira Núñez Calzado,7,Elvira Núñez Calzado,,
USA,80,2,D,6,3,32,-18,I,BAL,,,,Run,Rush,,,-1,,,,,,,,,,,,,,7,Elvira Núñez Calzado,,
ITA,1,1,D,1,1,20,-5,SLOT,R,,,,Pass,Complete,1,1,5,R,3,DALLAS,,,,,,,,,,,1,María Vidal,,
ITA,2,1,D,1,2,15,-10,SLOT,R,,,,Pass,Complete,1,1,5,R,3,DALLAS,,,,,,,,,8,Ana Leal,1,María Vidal,,
ITA,3,1,D,1,3,10,-15,SLOT,L,,,,Pass,Complete,1,1,7,R,2,DALLAS,,,,,,,,,13,Cris Gómez,1,María Vidal,,
ITA,4,1,D,1,4,3,-22,DOBLE TIGHT,L,,,,Pass,1st DN,1,1,5,R,3,DALLAS,,,,,,,,,13,Cris Gómez,7,Elvira Núñez Calzado,,
ITA,5,1,D,1,1,23,23,SLOT,R,,,,Pass,Dropped,1,0,0,R,3,FALCON,,,,,,,,,,,7,Elvira Núñez Calzado,,
ITA,6,1,D,1,2,23,23,TRIPS,R,,,,Pass,Complete,1,1,10,R,3,DALLAS,,,,,,,,,6,Laia Girona,1,María Vidal,,
ITA,7,1,D,1,3,13,13,TRIPS,R,,,,Pass,Complete,1,1,6,R,3,REGULAR,,,,,,,,,,,1,María Vidal,,
ITA,8,1,D,1,4,7,7,SLOT,R,,,,Pass,"Complete, TD",1,1,7,L,7,GOAL LINE,,,,,,,,,,,7,Elvira Núñez Calzado,,
ITA,9,1,K,1,0,5,5,SLOT,R,,,,Extra Pt. Block,Good,1,1,5,R,2,REGULAR,,,,,,,,,,,7,Elvira Núñez Calzado,,
ITA,10,1,O,1,1,20,-5,SLOT,R,,,HITCHES,Pass,Interception,1,0,0,R,2,,10,Monica Rafecas,,,,,,,,,,,,
ITA,11,1,D,2,1,8,8,DOBLE TIGHT,R,,,,Run,Penalty,,,-10,L,,GOAL LINE,,,,,,,,,6,Laia Girona,1,María Vidal,,
ITA,12,1,D,2,2,18,18,SLOT,R,,,,Pass,Batted Down,1,0,0,R,9,DALLAS,,,,,,,5,Estefanía Sastre Lois,,,1,María Vidal,,
ITA,13,1,D,2,3,18,18,SLOT,L,,,,Pass,Complete,1,1,6,L,1,KANSAS,,,,,,,,,,,7,Elvira Núñez Calzado,,
ITA,14,1,D,2,4,12,12,SLOT,L,,,,Pass,Batted Down,1,0,0,L,5,USA,,,,,,,13,Cris Gómez,,,7,Elvira Núñez Calzado,,
ITA,15,1,O,2,1,20,-5,SLOT,R,,,ASPAS,Pass,Complete,1,1,13,L,1,,10,Monica Rafecas,3,Violeta Alexandra Wiksten,,,,,,,,,,
ITA,16,1,O,2,2,7,-18,SLOT,R,,,XP-2,Pass,Incomplete,1,0,0,L,7,,10,Monica Rafecas,,,,,,,,,,,,
ITA,17,1,O,2,3,7,-18,SLOT,L,,,,Pass,1st DN,1,1,9,R,3,,10,Monica Rafecas,3,Violeta Alexandra Wiksten,,,,,,,,,,
ITA,18,1,O,2,1,23,23,,,,,FRENCHIE Y-GO,Pass,Complete,1,1,10,R,3,,10,Monica Rafecas,3,Violeta Alexandra Wiksten,,,,,,,,,,
ITA,19,1,O,2,2,13,13,5-WIDE,,,,HONEY,Pass,Complete,1,1,7,R,3,,10,Monica Rafecas,3,Violeta Alexandra Wiksten,,,,,,,,,,
ITA,20,1,O,2,3,6,6,SLOT,L,,,BREAD AND BUTTER,Pass,"Complete, TD",1,1,6,L,1,,10,Monica Rafecas,9,Olga Sotillo Val,,,,,,,,,,
ITA,21,1,K,2,0,5,5,ISO,L,,,ISO BUNCH5,Extra Pt.,Good,1,1,,R,6,,10,Monica Rafecas,3,Violeta Alexandra Wiksten,,,,,,,,,,
ITA,22,1,D,3,1,20,-5,TRIPS,R,,,,Pass,Complete,1,1,10,R,2,DALLAS,,,,,,,,,8,Ana Leal,1,María Vidal,,
ITA,23,1,D,3,2,10,-15,SLOT,R,,,,Pass,Complete,1,1,7,L,1,FALCON,,,,,,,,,6,Laia Girona,1,María Vidal,,
ITA,24,1,D,3,3,3,-22,SLOT,L,,,,Pass,1st DN,1,1,5,R,3,FALCON SPECIAL,,,,,,,,,13,Cris Gómez,7,Elvira Núñez Calzado,,
ITA,25,1,D,3,1,23,23,SLOT,L,,,,Pass,Complete,1,1,2,L,1,DALLAS,,,,,,,,,8,Ana Leal,7,Elvira Núñez Calzado,,
ITA,26,1,D,3,2,21,21,TRIPS,L,,,,Pass,Complete,1,1,5,L,1,KANSAS,,,,,,,,,6,Laia Girona,1,María Vidal,,
ITA,27,1,D,3,3,16,16,SLOT,L,,,,Pass,Complete,1,1,6,R,3,DALLAS,,,,,,,,,13,Cris Gómez,1,María Vidal,,
ITA,28,1,D,3,4,10,10,BUNCH,R,,,,Pass,Batted Down,1,0,0,R,9,USA,,,,,,,,,6,Laia Girona,7,Elvira Núñez Calzado,,
ITA,29,1,O,3,1,20,-5,5-WIDE,R,,,HONEY,Run,Rush,,,4,L,,,,,,,,,,,,,,,3,Violeta Alexandra Wiksten
ITA,30,1,O,3,2,16,-9,SLOT,R,,,HITCHES,Pass,Complete,1,1,8,L,1,,10,Monica Rafecas,11,Emma García,,,,,,,,,,
ITA,31,1,O,3,3,8,-17,SLOT,R,,,Z-MEDIO,Pass,1st DN,1,1,15,L,1,,10,Monica Rafecas,3,Violeta Alexandra Wiksten,,,,,,,,,,
ITA,32,1,O,3,1,18,18,SLOT TIGHT,R,,,ASPAS,Pass,Complete,1,1,5,L,1,,10,Monica Rafecas,3,Violeta Alexandra Wiksten,,,,,,,,,,
ITA,33,1,O,3,2,13,13,SLOT TIGHT,R,,,Z-REVERSE,Run,Rush,,,5,L,,,,,,,,,,,,,,,4,Maria del Mar
ITA,34,1,O,3,3,8,8,ISO,R,,,COOKIE JAR,Pass,Incomplete,1,0,0,L,7,,10,Monica Rafecas,,,,,,,,,,,,
ITA,35,1,O,3,4,8,8,5-WIDE,R,,,XP-2,Pass,"Complete, TD",1,1,8,R,9,,10,Monica Rafecas,9,Olga Sotillo Val,,,,,,,,,,
ITA,36,1,K,3,0,5,5,BUNCH,R,,,X LEAK,Extra Pt.,Good,1,1,,R,2,,10,Monica Rafecas,7,Elvira Núñez Calzado,,,,,,,,,,
ITA,37,1,D,4,1,20,-5,SLOT,L,,,,Pass,Complete,1,1,4,R,1,DALLAS,,,,,,,,,13,Cris Gómez,1,María Vidal,,
ITA,38,1,D,4,2,16,-9,SLOT,L,,,,Pass,Complete,1,1,7,L,2,DALLAS,,,,,,,,,13,Cris Gómez,1,María Vidal,,
ITA,39,1,D,4,3,9,-16,SLOT,R,,,,Pass,Complete,1,1,8,R,3,DALLAS,,,,,,,,,8,Ana Leal,2,Victoria Sanchez Segarra,,
ITA,40,1,D,4,4,1,-24,SLOT,R,,,,Run,1st DN,,,5,R,,KANSAS,,,,,,,,,2,Victoria Sanchez Segarra,2,Victoria Sanchez Segarra,,
ITA,41,1,D,4,1,21,21,SLOT,L,,,,Pass,Batted Down,1,0,0,L,4,DALLAS,,,,,,,8,Ana Leal,,,1,María Vidal,,
ITA,42,1,D,4,2,21,21,ARROW,R,,,,Pass,"Interception, Def TD",1,0,0,L,2,DALLAS,,,,,13,Cris Gómez,,,,,1,María Vidal,,
ITA,43,1,K,4,0,5,5,SLOT,R,,,,Extra Pt.,Good,1,1,,L,2,,10,Monica Rafecas,,,,,,,,,,,,
ITA,44,1,D,5,1,20,-5,TRIPS,R,,,,Pass,Interception,1,0,0,R,2,DALLAS,,,,,2,Victoria Sanchez Segarra,,,,,2,Victoria Sanchez Segarra,,
ITA,45,1,O,4,1,3,3,SLOT,L,,,DAREDEVIL,Pass,Penalty,,,-10,L,2,,10,Monica Rafecas,4,Maria del Mar,,,,,,,,,,
ITA,46,1,O,4,2,13,13,DOBLE TIGHT,,,,FRENCHIE,Pass,Complete,1,1,10,R,3,,10,Monica Rafecas,3,Violeta Alexandra Wiksten,,,,,,,,,,
ITA,47,1,O,4,3,3,3,SLOT,L,,,DAREDEVIL,Pass,Incomplete,1,0,0,L,,,10,Monica Rafecas,,,,,,,,,,,,
ITA,48,1,O,4,4,3,3,SLOT,R,,,BREAD AND BUTTER,Pass,"Complete, TD",1,1,3,R,3,,10,Monica Rafecas,9,Olga Sotillo Val,,,,,,,,,,
ITA,49,1,K,4,0,5,5,BUNCH,L,,,Z-LEAK,Extra Pt.,No Good,1,0,,R,2,,10,Monica Rafecas,,,,,,,,,,,,
ITA,50,2,O,5,1,20,-5,SLOT,R,,,C-CROSS,Pass,Dropped,1,0,0,L,3,,10,Monica Rafecas,3,Violeta Alexandra Wiksten,,,,,,,,,,
ITA,51,2,O,5,2,20,-5,ISO,L,,,ISO DRAG,Pass,Complete,1,1,5,R,1,,10,Monica Rafecas,7,Elvira Núñez Calzado,,,,,,,,,,
ITA,52,2,O,5,3,15,-10,SLOT,R,,,C-CROSS,Pass,Complete,1,1,8,R,3,,10,Monica Rafecas,3,Violeta Alexandra Wiksten,,,,,,,,,,
ITA,53,2,O,5,4,7,-18,ISO,L,,,COOKIE JAR,Pass,1st DN,1,1,8,L,4,,10,Monica Rafecas,9,Olga Sotillo Val,,,,,,,,,,
ITA,54,2,O,5,1,24,24,SLOT TIGHT,R,,,Z-REVERSE,Run,Rush,,,4,L,,,,,,,,,,,,,,,4,Maria del Mar
ITA,55,2,O,5,2,20,20,SLOT,L,,,XP-2,Pass,Incomplete,1,0,0,R,9,,10,Monica Rafecas,,,,,,,,,,,,
ITA,56,2,O,5,3,20,20,SLOT,L,,,C-CROSS,Pass,Complete,1,1,8,L,1,,10,Monica Rafecas,3,Violeta Alexandra Wiksten,,,,,,,,,,
ITA,57,2,O,5,4,12,12,ISO,L,,,ISO DRAG,Pass,"Complete, TD",1,1,12,R,9,,10,Monica Rafecas,4,Maria del Mar,,,,,,,,,,
ITA,58,2,K,5,0,5,5,ISO,L,,,ISO DRAG,Extra Pt.,Good,1,1,,R,3,,10,Monica Rafecas,7,Elvira Núñez Calzado,,,,,,,,,,
ITA,59,2,D,6,1,20,-5,ARROW,R,,,,Pass,Penalty,,,18,R,2,REGULAR,,,,,,,,,6,Laia Girona,1,María Vidal,,
ITA,60,2,D,6,1,2,-23,SLOT,R,,,,Pass,1st DN,1,1,12,R,5,DALLAS,,,,,,,,,5,Estefanía Sastre Lois,1,María Vidal,,
ITA,61,2,D,6,1,15,15,SLOT,L,,,,Pass,Complete,1,1,5,L,1,DALLAS,,,,,,,,,8,Ana Leal,2,Victoria Sanchez Segarra,,
ITA,62,2,D,6,2,10,10,SLOT,R,,,,Pass,Complete,1,1,7,R,3,GOAL LINE,,,,,,,,,13,Cris Gómez,2,Victoria Sanchez Segarra,,
ITA,63,2,D,6,3,3,3,TRIPS TIGHT,R,,,,Pass,"Complete, TD",1,1,3,R,6,GOAL LINE,,,,,,,,,,,1,María Vidal,,
ITA,64,2,K,6,0,5,5,SLOT,R,X,R,,Extra Pt. Block,No Good,1,0,0,R,2,GOAL LINE,,,,,,,,,,,1,María Vidal,,
ITA,65,2,O,6,1,20,-5,SLOT,R,,,C-CROSS,Pass,Complete,1,1,5,R,3,,10,Monica Rafecas,3,Violeta Alexandra Wiksten,,,,,,,,,,
ITA,66,2,O,6,2,15,-10,ISO,L,,,BRITISH TELECOM,Run,Rush,,,5,R,,,,,,,,,,,,,,,9,Olga Sotillo Val
ITA,67,2,O,6,3,10,-15,DOBLE TIGHT,R,,,FRENCHIE Y-REVERSE,Run,Rush,,,5,L,,,,,,,,,,,,,,,9,Olga Sotillo Val
ITA,68,2,O,6,4,5,-20,SLOT,R,,,BREAD AND BUTTER,Pass,1st DN,1,1,8,R,3,,10,Monica Rafecas,9,Olga Sotillo Val,,,,,,,,,,
ITA,69,2,O,6,1,22,22,SLOT,R,,,HONEY,Pass,Penalty,,,-5,R,3,,9,Olga Sotillo Val,3,Violeta Alexandra Wiksten,,,,,,,,,,
ITA,70,2,O,6,2,27,27,SLOT,L,,,C-CROSS,Pass,Complete,1,1,12,L,1,,10,Monica Rafecas,3,Violeta Alexandra Wiksten,,,,,,,,,,
ITA,71,2,O,6,3,15,15,SLOT TIGHT,R,,,Z REVERSE,Pass,Penalty,,,-5,L,5,,4,Maria del Mar,,,,,,,,,,,,
ITA,72,2,O,6,4,20,20,SLOT TIGHT,R,,,Z REVERSE,Run,Rush,,,10,L,,,,,,,,,,,,,,,4,Maria del Mar
ITA,73,2,D,7,1,20,-5,TRIPS,R,,,,Pass,1st DN,1,1,23,R,9,KANSAS,,,,,,,,,13,Cris Gómez,2,Victoria Sanchez Segarra,,
ITA,74,2,D,7,1,22,22,SLOT,L,,,,Pass,Penalty,,,-5,,,DALLAS,,,,,,,,,,,2,Victoria Sanchez Segarra,,
ITA,75,2,D,7,1,27,27,SLOT,R,,,,Pass,Complete,1,1,9,R,3,DALLAS,,,,,,,,,8,Ana Leal,2,Victoria Sanchez Segarra,,
ITA,76,2,D,7,2,18,18,SLOT,L,,,,Pass,Incomplete,1,0,0,R,8,DALLAS,,,,,,,,,,,1,María Vidal,,
ITA,77,2,D,7,3,18,18,SLOT,L,,,,Pass,Complete,1,1,8,L,5,DALLAS,,,,,,,,,13,Cris Gómez,1,María Vidal,,
ITA,78,2,D,7,4,10,10,SLOT,L,,,,Pass,"Complete, TD",1,1,10,L,7,GOAL LINE,,,,,,,,,,,2,Victoria Sanchez Segarra,,
ITA,79,2,K,7,0,5,5,SLOT,R,,,,Extra Pt. Block,No Good,1,0,0,,,GOAL LINE,,,,,,,,,2,Victoria Sanchez Segarra,2,Victoria Sanchez Segarra,,
ITA,80,2,O,7,1,20,-5,DOBLE TIGHT,R,,,FRENCHIE,Pass,Complete,1,1,4,R,3,,10,Monica Rafecas,3,Violeta Alexandra Wiksten,,,,,,,,,,
ITA,81,2,O,7,2,16,-9,BUNCH,R,,,Z-REVERSE,Run,Rush,,,3,R,,,,,,,,,,,,,,,4,Maria del Mar
ITA,82,2,O,7,3,13,-12,ISO,R,,,BRITISH TELECOM,Run,Rush,,,1,L,,,,,,,,,,,,,,,9,Olga Sotillo Val
ITA,83,2,O,7,4,12,-13,I,R,,,,Run,Rush,,,5,L,,,,,,,,,,,,,,,9,Olga Sotillo Val
ITA,84,2,D,8,1,20,-5,SLOT,R,,,,Pass,"Complete, TD",1,1,45,R,9,JAULA,,,,,,,,,,,1,María Vidal,,
ITA,85,2,K,8,0,5,5,SLOT,L,,,,Extra Pt. Block,No Good,1,0,0,L,2,GOAL LINE,,,,,13,Cris Gómez,,,,,1,María Vidal,,
ITA,86,2,S,8,1,20,-5,BUNCH,L,,,,Run,Downed,,,,,,,,,,,,,,,,,,,,
CAN,1,1,O,1,1,20,-5,DOBLE TIGHT,R,,,,Pass,Complete,1,1,15,R,3,,10,Monica Rafecas,3,Violeta Alexandra Wiksten,,,,,,,,,,
CAN,2,1,O,1,2,5,-20,SLOT,R,,,,Pass,1st DN,1,1,24,L,7,,10,Monica Rafecas,9,Olga Sotillo Val,,,,,,,,,,
CAN,3,1,O,1,1,6,6,SLOT,R,,,,Pass,"Complete, TD",1,1,6,R,6,,10,Monica Rafecas,4,Maria del Mar,,,,,,,,,,
CAN,4,1,K,1,0,5,5,ISO,L,,,,Extra Pt.,No Good,1,0,,R,6,,10,Monica Rafecas,,,,,,,,,,,,
CAN,5,1,D,1,1,20,-5,SLOT,L,,,GANCHOS,Pass,Complete,1,1,5,L,1,DALLAS,,,,,,,,,8,Ana Leal,1,María Vidal,,
CAN,6,1,D,1,2,15,-10,SLOT,R,,,C-CROSS,Pass,Incomplete,1,0,0,R,9,DALLAS,,,,,,,,,,,1,María Vidal,,
CAN,7,1,D,1,3,15,-10,SLOT,L,,,C-CROSS X-MEDIO,Pass,Complete,1,1,14,L,1,DALLAS,,,,,,,,,8,Ana Leal,1,María Vidal,,
CAN,8,1,D,1,4,1,-24,SLOT,L,,,,Pass,1st DN,1,1,11,R,3,DALLAS,,,,,,,,,,,1,María Vidal,,
CAN,9,1,D,1,1,15,15,SLOT,L,,,GANCHOS,Pass,Complete,1,1,9,L,1,DALLAS,,,,,,,,,8,Ana Leal,7,Elvira Núñez Calzado,,
CAN,10,1,D,1,2,6,6,SLOT,L,,,,Pass,Incomplete,1,0,0,L,7,GOAL LINE,,,,,,,,,,,7,Elvira Núñez Calzado,,
CAN,11,1,D,1,3,6,6,SLOT,L,,,C-CROSS,Pass,"Complete, TD",1,1,6,L,2,GOAL LINE,,,,,,,,,,,7,Elvira Núñez Calzado,,
CAN,12,1,K,1,0,5,5,SLOT,L,,,,Extra Pt. Block,Good,1,1,5,R,6,GOAL LINE,,,,,,,,,,,7,Elvira Núñez Calzado,,
CAN,13,1,O,2,1,20,-5,DOBLE TIGHT,L,,,,Pass,Complete,1,1,9,L,1,,10,Monica Rafecas,3,Violeta Alexandra Wiksten,,,,,,,,,,
CAN,14,1,O,2,2,11,-14,SLOT TIGHT,R,,,,Pass,Complete,1,1,7,R,3,,10,Monica Rafecas,9,Olga Sotillo Val,,,,,,,,,,
CAN,15,1,O,2,3,4,-21,SLOT,R,,,,Pass,1st DN,1,1,6,R,3,,10,Monica Rafecas,9,Olga Sotillo Val,,,,,,,,,,
CAN,16,1,O,2,1,23,23,DOBLE TIGHT,L,,,,Run,Rush,,,15,R,,,,,,,,,,,,,,,9,Olga Sotillo Val
CAN,17,1,O,2,2,8,8,SLOT,L,,,,Pass,Complete,1,1,5,L,1,,10,Monica Rafecas,,,,,,,,,,,9,Olga Sotillo Val
CAN,18,1,O,2,3,3,3,SLOT,R,,,,Pass,Batted Down,1,0,0,R,2,,10,Monica Rafecas,,,,,,,,,,,,
CAN,19,1,O,2,4,3,3,BUNCH,R,,,,Pass,Interception,1,0,0,R,6,,10,Monica Rafecas,,,,,,,,,,,,
CAN,20,1,D,2,1,24,-1,SLOT,R,,,,Pass,Complete,1,1,9,R,2,DENVER,,,,,,,,,13,Cris Gómez,7,Elvira Núñez Calzado,,
CAN,21,1,D,2,2,15,-10,SLOT,R,,,GANCHOS,Pass,Complete,1,1,9,R,2,FALCON,,,,,,,,,13,Cris Gómez,7,Elvira Núñez Calzado,,
CAN,22,1,D,2,3,6,-19,SLOT,L,,,GANCHOS,Pass,1st DN,1,1,15,L,1,KANSAS,,,,,,,,,5,Estefanía Sastre Lois,1,María Vidal,,
CAN,23,1,D,2,1,16,16,SLOT,L,,,C-CROSS,Pass,Complete,1,1,5,L,1,FALCON,,,,,,,,,13,Cris Gómez,1,María Vidal,,
CAN,24,1,D,2,2,11,11,SLOT,L,,,C-CROSS,Pass,"Complete, TD",1,1,11,L,4,REGULAR,,,,,,,,,,,7,Elvira Núñez Calzado,,
CAN,25,1,K,2,0,5,5,SLOT,R,,,,Extra Pt. Block,No Good,1,0,0,R,6,SEAHAWK,,,,,,,,,,,7,Elvira Núñez Calzado,,
CAN,26,1,O,3,1,20,-5,SLOT,L,,,,Pass,Incomplete,1,0,0,R,2,,10,Monica Rafecas,,,,,,,,,,,,
CAN,27,1,O,3,2,20,-5,SLOT TIGHT,R,,,,Pass,Penalty,1,1,16,L,2,,10,Monica Rafecas,11,Emma García,,,,,,,,,,
CAN,28,1,O,3,2,4,-21,ISO,L,,,,Pass,1st DN,1,1,18,R,9,,10,Monica Rafecas,4,Maria del Mar,,,,,,,,,,
CAN,29,1,O,3,1,11,11,ISO,L,,,,Pass,"Complete, TD",1,1,6,R,9,,10,Monica Rafecas,4,Maria del Mar,,,,,,,,,,
CAN,30,1,K,3,0,5,5,SLOT,L,,,,Extra Pt.,No Good,1,0,0,R,6,,10,Monica Rafecas,,,,,,,,,,,,
CAN,31,1,D,3,1,20,-5,SLOT,L,,,GANCHOS Z-GO,Pass,Complete,1,1,13,L,2,DALLAS,,,,,,,,,13,Cris Gómez,1,María Vidal,,
CAN,32,1,D,3,2,7,-18,SLOT,L,,,GANCHOS,Pass,1st DN,1,1,9,R,2,KANSAS,,,,,,,,,13,Cris Gómez,1,María Vidal,,
CAN,33,1,D,3,1,23,23,TRIPS,L,,,GANCHOS,Pass,Penalty,,,-5,L,1,DALLAS,,,,,,,,,,,2,Victoria Sanchez Segarra,,
CAN,34,1,D,3,1,28,28,SLOT,L,,,GANCHOS,Pass,Complete,1,1,12,L,2,DALLAS WAKANDA,,,,,,,,,8,Ana Leal,2,Victoria Sanchez Segarra,,
CAN,35,1,D,3,2,16,16,SLOT,R,,,GANCHOS,Pass,Complete,1,1,8,R,2,KANSAS,,,,,,,,,13,Cris Gómez,2,Victoria Sanchez Segarra,,
CAN,36,1,D,3,3,8,8,SLOT,R,,,GANCHOS,Pass,"Complete, TD",1,1,8,R,3,REGULAR,,,,,,,,,,,1,María Vidal,,
CAN,38,1,K,3,0,10,10,SLOT,R,,,,2 Pt. Defend,Good,1,1,,R,5,LINE,,,,,,,,,,,1,María Vidal,,
CAN,39,1,O,4,1,20,-5,ISO,L,,,,Pass,Dropped,1,0,0,R,1,,10,Monica Rafecas,7,Elvira Núñez Calzado,,,,,,,,,,
CAN,40,1,O,4,2,20,-5,SLOT TIGHT,R,,,,Pass,Incomplete,1,0,0,R,3,,10,Monica Rafecas,,,,,,,,,,,,
CAN,41,1,O,4,3,20,-5,SLOT,R,,,,Pass,Complete,1,1,5,L,1,,10,Monica Rafecas,3,Violeta Alexandra Wiksten,,,,,,,,,,
CAN,42,1,O,4,4,20,-10,SLOT,L,,,,Pass,1st DN,1,1,16,L,4,,3,Violeta Alexandra Wiksten,4,Maria del Mar,,,,,,,,,,
CAN,43,1,O,4,1,24,24,SLOT TIGHT,R,,,,Pass,Complete,1,1,8,R,2,,10,Monica Rafecas,4,Maria del Mar,,,,,,,,,,
CAN,44,1,O,4,2,16,16,5-WIDE,BAL,,,,Pass,Fumble,,,0,R,,,10,Monica Rafecas,,,,,,,,,,,,
CAN,45,1,O,4,3,16,16,TRIPS,R,,,,Pass,Batted Down,1,0,0,R,9,,10,Monica Rafecas,,,,,,,,,,,,
CAN,46,2,D,4,1,20,-5,SLOT,L,,,GANCHOS C-BACK,Pass,Complete,1,1,13,L,1,DENVER,,,,,,,,,5,Estefanía Sastre Lois,2,Victoria Sanchez Segarra,,
CAN,47,2,D,4,2,7,-18,SLOT,R,,,GANCHOS,Pass,Batted Down,1,0,0,R,3,REGULAR,,,,,,,,,,,2,Victoria Sanchez Segarra,,
CAN,48,2,D,4,3,7,-18,SLOT,R,,,GANCHOS Y-PC,Pass,Incomplete,1,0,0,R,9,FALCON,,,,,,,,,,,1,María Vidal,,
CAN,49,2,D,4,4,7,-18,SLOT,L,,,FLOOD,Pass,Incomplete,1,0,0,L,6,REGULAR,,,,,,,,,,,1,María Vidal,,
CAN,50,2,O,5,1,20,-5,SLOT TIGHT,R,,,,Pass,Complete,1,1,4,R,3,,3,Violeta Alexandra Wiksten,9,Olga Sotillo Val,,,,,,,,,,
CAN,51,2,O,5,2,16,-9,ISO,L,,,,Pass,Incomplete,1,0,0,L,2,,3,Violeta Alexandra Wiksten,,,,,,,,,,,,
CAN,52,2,O,5,3,16,-9,SLOT,R,,,,Pass,Incomplete,1,0,0,L,9,,3,Violeta Alexandra Wiksten,,,,,,,,,,,,
CAN,53,2,O,5,4,16,-9,SLOT,R,,,,Pass,1st DN,1,1,28,R,6,,3,Violeta Alexandra Wiksten,9,Olga Sotillo Val,,,,,,,,,,
CAN,54,2,O,5,1,13,13,ISO,L,,,,Pass,Complete,1,1,5,R,3,,3,Violeta Alexandra Wiksten,11,Emma García,,,,,,,,,,
CAN,55,2,O,5,2,8,8,BUNCH,R,,,,Pass,"Complete, TD",1,1,8,R,2,,3,Violeta Alexandra Wiksten,11,Emma García,,,,,,,,,,
CAN,56,2,K,5,0,10,10,SLOT,L,,,,2 Pt.,No Good,1,0,,R,6,,3,Violeta Alexandra Wiksten,,,,,,,,,,,,
CAN,57,2,D,5,1,20,-5,BUNCH,L,,,ASPAS,Pass,Complete,1,1,8,L,2,FALCON,,,,,,,,,8,Ana Leal,1,María Vidal,,
CAN,58,2,D,5,2,12,-13,SPREAD BUNCH,R,,,,Pass,Penalty,,,-10,R,3,DALLAS,,,,,,,,,6,Laia Girona,1,María Vidal,,
CAN,59,2,D,5,3,19,-6,SPREAD BUNCH,L,,,,Pass,Complete,1,1,13,L,1,KANSAS,,,,,,,,,6,Laia Girona,2,Victoria Sanchez Segarra,,
CAN,60,2,D,5,4,6,-19,SPREAD BUNCH,L,,,,Pass,"Complete, TD",1,1,31,R,6,PARIS,,,,,,,,,,,2,Victoria Sanchez Segarra,,
CAN,61,2,K,5,0,10,10,SLOT,R,,,,2 Pt. Defend,No Good,1,0,0,R,9,USA,,,,,,,,,,,2,Victoria Sanchez Segarra,,
CAN,62,2,O,6,1,20,-5,SLOT,R,,,,Pass,Sack,,,-4,R,,,3,Violeta Alexandra Wiksten,,,,,,,,,,,,
CAN,63,2,O,6,2,24,-1,DOBLE TIGHT,R,,,,Pass,"Interception, Def TD",1,0,0,R,3,,3,Violeta Alexandra Wiksten,,,,,,,,,,,,
CAN,64,2,K,6,0,5,5,SLOT,L,,,,Extra Pt. Block,Penalty,,,-2,L,1,REGULAR,,,,,,,8,Ana Leal,,,1,María Vidal,,
CAN,65,2,K,6,0,2,2,SLOT,R,,,,Extra Pt. Block,Good,1,1,5,L,1,REGULAR,,,,,,,,,,,1,María Vidal,,
CAN,66,2,O,7,1,20,-5,SLOT,R,,,,Pass,Complete,1,1,5,R,3,,3,Violeta Alexandra Wiksten,9,Olga Sotillo Val,,,,,,,,,,
CAN,67,2,O,7,2,15,-10,SLOT,L,,,,Pass,Fumble,,,0,,,,3,Violeta Alexandra Wiksten,,,,,,,,,,,,
CAN,68,2,O,7,3,15,-10,SLOT,L,,,,Pass,Complete,1,1,10,R,3,,3,Violeta Alexandra Wiksten,11,Emma García,,,,,,,,,,
CAN,69,2,O,7,4,5,-20,SLOT,L,,,,Pass,1st DN,1,1,9,R,3,,3,Violeta Alexandra Wiksten,4,Maria del Mar,,,,,,,,,,
CAN,70,2,O,7,1,21,21,SLOT,L,,,,Pass,"Complete, TD",1,1,21,L,7,,3,Violeta Alexandra Wiksten,7,Elvira Núñez Calzado,,,,,,,,,,
CAN,71,2,K,7,0,10,10,ISO,L,,,,2 Pt.,No Good,1,0,0,L,8,,3,Violeta Alexandra Wiksten,,,,,,,,,,,,
CAN,72,2,D,6,1,20,-5,BUNCH,L,,,ASPAS,Pass,Complete,1,1,9,R,2,DALLAS WAKANDA,,,,,,,,,2,Victoria Sanchez Segarra,2,Victoria Sanchez Segarra,,
CAN,73,2,D,6,2,11,-14,BUNCH,L,,,ASPAS,Pass,Complete,1,1,6,R,3,FALCON,,,,,,,,,6,Laia Girona,2,Victoria Sanchez Segarra,,
CAN,74,2,D,6,3,5,-20,BUNCH,L,,,ASPAS,Pass,1st DN,1,1,22,L,7,REGULAR,,,,,,,,,8,Ana Leal,1,María Vidal,,
CAN,75,2,D,6,1,9,9,SLOT,R,,,GANCHOS,Pass,Incomplete,1,0,0,L,8,REGULAR,,,,,,,,,,,1,María Vidal,,
CAN,76,2,D,6,2,9,9,SLOT,R,,,Y-MEDIO,Pass,"Complete, TD",1,1,9,R,5,REGULAR,,,,,,,,,,,2,Victoria Sanchez Segarra,,
CAN,77,2,K,6,0,10,10,SLOT,R,,,,2 Pt. Defend,No Good,1,0,0,L,4,USA,,,,,,,6,Laia Girona,,,2,Victoria Sanchez Segarra,,
CAN,78,2,O,8,1,20,-5,SLOT,R,,,,Pass,Incomplete,1,0,0,R,9,,3,Violeta Alexandra Wiksten,,,,,,,,,,,,
CAN,79,2,O,8,2,20,-5,ISO,L,,,,Pass,Incomplete,1,0,0,R,3,,3,Violeta Alexandra Wiksten,,,,,,,,,,,,
CAN,80,2,O,8,3,20,-5,SLOT,R,,,,Pass,Incomplete,1,0,0,R,9,,3,Violeta Alexandra Wiksten,,,,,,,,,,,,
CAN,81,2,O,8,4,20,-5,5-WIDE,BAL,,,,Pass,Incomplete,1,0,0,R,3,,3,Violeta Alexandra Wiksten,,,,,,,,,,,,
CAN,82,2,D,7,1,20,-5,BUNCH,R,,,ASPAS,Pass,Complete,1,1,7,L,1,REGULAR,,,,,,,,,8,Ana Leal,1,María Vidal,,
CAN,83,2,S,7,2,13,-12,BUNCH,R,,,,Run,Downed,,,,,,,,,,,,,,,,,,,,
,,,,,,,,,,,,,,,,,,,,,,,,,,,,,,,,,,
,,,,,,,,,,,,,,,,,,,,,,,,,,,,,,,,,,
,,,,,,,,,,,,,,,,,,,,,,,,,,,,,,,,,,
,,,,,,,,,,,,,,,,,,,,,,,,,,,,,,,,,,
,,,,,,,,,,,,,,,,,,,,,,,,,,,,,,,,,,
,,,,,,,,,,,,,,,,,,,,,,,,,,,,,,,,,,
,,,,,,,,,,,,,,,,,,,,,,,,,,,,,,,,,,
,,,,,,,,,,,,,,,,,,,,,,,,,,,,,,,,,,
,,,,,,,,,,,,,,,,,,,,,,,,,,,,,,,,,,
,,,,,,,,,,,,,,,,,,,,,,,,,,,,,,,,,,
,,,,,,,,,,,,,,,,,,,,,,,,,,,,,,,,,,
,,,,,,,,,,,,,,,,,,,,,,,,,,,,,,,,,,
,,,,,,,,,,,,,,,,,,,,,,,,,,,,,,,,,,
,,,,,,,,,,,,,,,,,,,,,,,,,,,,,,,,,,
,,,,,,,,,,,,,,,,,,,,,,,,,,,,,,,,,,
,,,,,,,,,,,,,,,,,,,,,,,,,,,,,,,,,,
,,,,,,,,,,,,,,,,,,,,,,,,,,,,,,,,,,
,,,,,,,,,,,,,,,,,,,,,,,,,,,,,,,,,,
,,,,,,,,,,,,,,,,,,,,,,,,,,,,,,,,,,
,,,,,,,,,,,,,,,,,,,,,,,,,,,,,,,,,,
,,,,,,,,,,,,,,,,,,,,,,,,,,,,,,,,,,
,,,,,,,,,,,,,,,,,,,,,,,,,,,,,,,,,,
,,,,,,,,,,,,,,,,,,,,,,,,,,,,,,,,,,
,,,,,,,,,,,,,,,,,,,,,,,,,,,,,,,,,,
,,,,,,,,,,,,,,,,,,,,,,,,,,,,,,,,,,
,,,,,,,,,,,,,,,,,,,,,,,,,,,,,,,,,,
,,,,,,,,,,,,,,,,,,,,,,,,,,,,,,,,,,
,,,,,,,,,,,,,,,,,,,,,,,,,,,,,,,,,,
,,,,,,,,,,,,,,,,,,,,,,,,,,,,,,,,,,
,,,,,,,,,,,,,,,,,,,,,,,,,,,,,,,,,,
,,,,,,,,,,,,,,,,,,,,,,,,,,,,,,,,,,
,,,,,,,,,,,,,,,,,,,,,,,,,,,,,,,,,,
,,,,,,,,,,,,,,,,,,,,,,,,,,,,,,,,,,
,,,,,,,,,,,,,,,,,,,,,,,,,,,,,,,,,,
,,,,,,,,,,,,,,,,,,,,,,,,,,,,,,,,,,
,,,,,,,,,,,,,,,,,,,,,,,,,,,,,,,,,,
,,,,,,,,,,,,,,,,,,,,,,,,,,,,,,,,,,
,,,,,,,,,,,,,,,,,,,,,,,,,,,,,,,,,,
,,,,,,,,,,,,,,,,,,,,,,,,,,,,,,,,,,
,,,,,,,,,,,,,,,,,,,,,,,,,,,,,,,,,,
,,,,,,,,,,,,,,,,,,,,,,,,,,,,,,,,,,
,,,,,,,,,,,,,,,,,,,,,,,,,,,,,,,,,,
,,,,,,,,,,,,,,,,,,,,,,,,,,,,,,,,,,
,,,,,,,,,,,,,,,,,,,,,,,,,,,,,,,,,,
,,,,,,,,,,,,,,,,,,,,,,,,,,,,,,,,,,
,,,,,,,,,,,,,,,,,,,,,,,,,,,,,,,,,,
,,,,,,,,,,,,,,,,,,,,,,,,,,,,,,,,,,
,,,,,,,,,,,,,,,,,,,,,,,,,,,,,,,,,,
,,,,,,,,,,,,,,,,,,,,,,,,,,,,,,,,,,
,,,,,,,,,,,,,,,,,,,,,,,,,,,,,,,,,,
,,,,,,,,,,,,,,,,,,,,,,,,,,,,,,,,,,
,,,,,,,,,,,,,,,,,,,,,,,,,,,,,,,,,,
,,,,,,,,,,,,,,,,,,,,,,,,,,,,,,,,,,
,,,,,,,,,,,,,,,,,,,,,,,,,,,,,,,,,,
,,,,,,,,,,,,,,,,,,,,,,,,,,,,,,,,,,
,,,,,,,,,,,,,,,,,,,,,,,,,,,,,,,,,,
,,,,,,,,,,,,,,,,,,,,,,,,,,,,,,,,,,
,,,,,,,,,,,,,,,,,,,,,,,,,,,,,,,,,,
,,,,,,,,,,,,,,,,,,,,,,,,,,,,,,,,,,
,,,,,,,,,,,,,,,,,,,,,,,,,,,,,,,,,,
,,,,,,,,,,,,,,,,,,,,,,,,,,,,,,,,,,
,,,,,,,,,,,,,,,,,,,,,,,,,,,,,,,,,,
,,,,,,,,,,,,,,,,,,,,,,,,,,,,,,,,,,
,,,,,,,,,,,,,,,,,,,,,,,,,,,,,,,,,,
,,,,,,,,,,,,,,,,,,,,,,,,,,,,,,,,,,
,,,,,,,,,,,,,,,,,,,,,,,,,,,,,,,,,,
,,,,,,,,,,,,,,,,,,,,,,,,,,,,,,,,,,
,,,,,,,,,,,,,,,,,,,,,,,,,,,,,,,,,,
,,,,,,,,,,,,,,,,,,,,,,,,,,,,,,,,,,
,,,,,,,,,,,,,,,,,,,,,,,,,,,,,,,,,,
,,,,,,,,,,,,,,,,,,,,,,,,,,,,,,,,,,
,,,,,,,,,,,,,,,,,,,,,,,,,,,,,,,,,,
,,,,,,,,,,,,,,,,,,,,,,,,,,,,,,,,,,
,,,,,,,,,,,,,,,,,,,,,,,,,,,,,,,,,,
,,,,,,,,,,,,,,,,,,,,,,,,,,,,,,,,,,
,,,,,,,,,,,,,,,,,,,,,,,,,,,,,,,,,,
,,,,,,,,,,,,,,,,,,,,,,,,,,,,,,,,,,
,,,,,,,,,,,,,,,,,,,,,,,,,,,,,,,,,,
,,,,,,,,,,,,,,,,,,,,,,,,,,,,,,,,,,
,,,,,,,,,,,,,,,,,,,,,,,,,,,,,,,,,,
,,,,,,,,,,,,,,,,,,,,,,,,,,,,,,,,,,
,,,,,,,,,,,,,,,,,,,,,,,,,,,,,,,,,,
,,,,,,,,,,,,,,,,,,,,,,,,,,,,,,,,,,
,,,,,,,,,,,,,,,,,,,,,,,,,,,,,,,,,,
,,,,,,,,,,,,,,,,,,,,,,,,,,,,,,,,,,
,,,,,,,,,,,,,,,,,,,,,,,,,,,,,,,,,,
,,,,,,,,,,,,,,,,,,,,,,,,,,,,,,,,,,
,,,,,,,,,,,,,,,,,,,,,,,,,,,,,,,,,,
,,,,,,,,,,,,,,,,,,,,,,,,,,,,,,,,,,
,,,,,,,,,,,,,,,,,,,,,,,,,,,,,,,,,,
,,,,,,,,,,,,,,,,,,,,,,,,,,,,,,,,,,
,,,,,,,,,,,,,,,,,,,,,,,,,,,,,,,,,,
,,,,,,,,,,,,,,,,,,,,,,,,,,,,,,,,,,
,,,,,,,,,,,,,,,,,,,,,,,,,,,,,,,,,,
,,,,,,,,,,,,,,,,,,,,,,,,,,,,,,,,,,
,,,,,,,,,,,,,,,,,,,,,,,,,,,,,,,,,,
,,,,,,,,,,,,,,,,,,,,,,,,,,,,,,,,,,
,,,,,,,,,,,,,,,,,,,,,,,,,,,,,,,,,,
,,,,,,,,,,,,,,,,,,,,,,,,,,,,,,,,,,
,,,,,,,,,,,,,,,,,,,,,,,,,,,,,,,,,,
,,,,,,,,,,,,,,,,,,,,,,,,,,,,,,,,,,
,,,,,,,,,,,,,,,,,,,,,,,,,,,,,,,,,,
,,,,,,,,,,,,,,,,,,,,,,,,,,,,,,,,,,
,,,,,,,,,,,,,,,,,,,,,,,,,,,,,,,,,,
,,,,,,,,,,,,,,,,,,,,,,,,,,,,,,,,,,
,,,,,,,,,,,,,,,,,,,,,,,,,,,,,,,,,,
,,,,,,,,,,,,,,,,,,,,,,,,,,,,,,,,,,
,,,,,,,,,,,,,,,,,,,,,,,,,,,,,,,,,,
,,,,,,,,,,,,,,,,,,,,,,,,,,,,,,,,,,
,,,,,,,,,,,,,,,,,,,,,,,,,,,,,,,,,,
,,,,,,,,,,,,,,,,,,,,,,,,,,,,,,,,,,
,,,,,,,,,,,,,,,,,,,,,,,,,,,,,,,,,,
,,,,,,,,,,,,,,,,,,,,,,,,,,,,,,,,,,
,,,,,,,,,,,,,,,,,,,,,,,,,,,,,,,,,,
,,,,,,,,,,,,,,,,,,,,,,,,,,,,,,,,,,
,,,,,,,,,,,,,,,,,,,,,,,,,,,,,,,,,,
,,,,,,,,,,,,,,,,,,,,,,,,,,,,,,,,,,
,,,,,,,,,,,,,,,,,,,,,,,,,,,,,,,,,,
,,,,,,,,,,,,,,,,,,,,,,,,,,,,,,,,,,
,,,,,,,,,,,,,,,,,,,,,,,,,,,,,,,,,,
,,,,,,,,,,,,,,,,,,,,,,,,,,,,,,,,,,
,,,,,,,,,,,,,,,,,,,,,,,,,,,,,,,,,,
,,,,,,,,,,,,,,,,,,,,,,,,,,,,,,,,,,
,,,,,,,,,,,,,,,,,,,,,,,,,,,,,,,,,,
,,,,,,,,,,,,,,,,,,,,,,,,,,,,,,,,,,
,,,,,,,,,,,,,,,,,,,,,,,,,,,,,,,,,,
,,,,,,,,,,,,,,,,,,,,,,,,,,,,,,,,,,
,,,,,,,,,,,,,,,,,,,,,,,,,,,,,,,,,,
,,,,,,,,,,,,,,,,,,,,,,,,,,,,,,,,,,
,,,,,,,,,,,,,,,,,,,,,,,,,,,,,,,,,,
,,,,,,,,,,,,,,,,,,,,,,,,,,,,,,,,,,
,,,,,,,,,,,,,,,,,,,,,,,,,,,,,,,,,,
,,,,,,,,,,,,,,,,,,,,,,,,,,,,,,,,,,
,,,,,,,,,,,,,,,,,,,,,,,,,,,,,,,,,,
,,,,,,,,,,,,,,,,,,,,,,,,,,,,,,,,,,
,,,,,,,,,,,,,,,,,,,,,,,,,,,,,,,,,,
,,,,,,,,,,,,,,,,,,,,,,,,,,,,,,,,,,
,,,,,,,,,,,,,,,,,,,,,,,,,,,,,,,,,,
,,,,,,,,,,,,,,,,,,,,,,,,,,,,,,,,,,
,,,,,,,,,,,,,,,,,,,,,,,,,,,,,,,,,,
,,,,,,,,,,,,,,,,,,,,,,,,,,,,,,,,,,
,,,,,,,,,,,,,,,,,,,,,,,,,,,,,,,,,,
,,,,,,,,,,,,,,,,,,,,,,,,,,,,,,,,,,
,,,,,,,,,,,,,,,,,,,,,,,,,,,,,,,,,,
,,,,,,,,,,,,,,,,,,,,,,,,,,,,,,,,,,
,,,,,,,,,,,,,,,,,,,,,,,,,,,,,,,,,,
,,,,,,,,,,,,,,,,,,,,,,,,,,,,,,,,,,
,,,,,,,,,,,,,,,,,,,,,,,,,,,,,,,,,,
,,,,,,,,,,,,,,,,,,,,,,,,,,,,,,,,,,
,,,,,,,,,,,,,,,,,,,,,,,,,,,,,,,,,,
,,,,,,,,,,,,,,,,,,,,,,,,,,,,,,,,,,
,,,,,,,,,,,,,,,,,,,,,,,,,,,,,,,,,,
,,,,,,,,,,,,,,,,,,,,,,,,,,,,,,,,,,
,,,,,,,,,,,,,,,,,,,,,,,,,,,,,,,,,,
,,,,,,,,,,,,,,,,,,,,,,,,,,,,,,,,,,
,,,,,,,,,,,,,,,,,,,,,,,,,,,,,,,,,,
,,,,,,,,,,,,,,,,,,,,,,,,,,,,,,,,,,
,,,,,,,,,,,,,,,,,,,,,,,,,,,,,,,,,,
,,,,,,,,,,,,,,,,,,,,,,,,,,,,,,,,,,
,,,,,,,,,,,,,,,,,,,,,,,,,,,,,,,,,,
,,,,,,,,,,,,,,,,,,,,,,,,,,,,,,,,,,
,,,,,,,,,,,,,,,,,,,,,,,,,,,,,,,,,,
,,,,,,,,,,,,,,,,,,,,,,,,,,,,,,,,,,
,,,,,,,,,,,,,,,,,,,,,,,,,,,,,,,,,,
,,,,,,,,,,,,,,,,,,,,,,,,,,,,,,,,,,
,,,,,,,,,,,,,,,,,,,,,,,,,,,,,,,,,,
,,,,,,,,,,,,,,,,,,,,,,,,,,,,,,,,,,
,,,,,,,,,,,,,,,,,,,,,,,,,,,,,,,,,,
,,,,,,,,,,,,,,,,,,,,,,,,,,,,,,,,,,
,,,,,,,,,,,,,,,,,,,,,,,,,,,,,,,,,,
,,,,,,,,,,,,,,,,,,,,,,,,,,,,,,,,,,
,,,,,,,,,,,,,,,,,,,,,,,,,,,,,,,,,,
,,,,,,,,,,,,,,,,,,,,,,,,,,,,,,,,,,
,,,,,,,,,,,,,,,,,,,,,,,,,,,,,,,,,,
,,,,,,,,,,,,,,,,,,,,,,,,,,,,,,,,,,
,,,,,,,,,,,,,,,,,,,,,,,,,,,,,,,,,,
,,,,,,,,,,,,,,,,,,,,,,,,,,,,,,,,,,
,,,,,,,,,,,,,,,,,,,,,,,,,,,,,,,,,,
,,,,,,,,,,,,,,,,,,,,,,,,,,,,,,,,,,
,,,,,,,,,,,,,,,,,,,,,,,,,,,,,,,,,,
,,,,,,,,,,,,,,,,,,,,,,,,,,,,,,,,,,
,,,,,,,,,,,,,,,,,,,,,,,,,,,,,,,,,,
,,,,,,,,,,,,,,,,,,,,,,,,,,,,,,,,,,
,,,,,,,,,,,,,,,,,,,,,,,,,,,,,,,,,,
,,,,,,,,,,,,,,,,,,,,,,,,,,,,,,,,,,
,,,,,,,,,,,,,,,,,,,,,,,,,,,,,,,,,,
,,,,,,,,,,,,,,,,,,,,,,,,,,,,,,,,,,
,,,,,,,,,,,,,,,,,,,,,,,,,,,,,,,,,,
,,,,,,,,,,,,,,,,,,,,,,,,,,,,,,,,,,
,,,,,,,,,,,,,,,,,,,,,,,,,,,,,,,,,,
,,,,,,,,,,,,,,,,,,,,,,,,,,,,,,,,,,
,,,,,,,,,,,,,,,,,,,,,,,,,,,,,,,,,,
,,,,,,,,,,,,,,,,,,,,,,,,,,,,,,,,,,
,,,,,,,,,,,,,,,,,,,,,,,,,,,,,,,,,,
,,,,,,,,,,,,,,,,,,,,,,,,,,,,,,,,,,
,,,,,,,,,,,,,,,,,,,,,,,,,,,,,,,,,,
,,,,,,,,,,,,,,,,,,,,,,,,,,,,,,,,,,
,,,,,,,,,,,,,,,,,,,,,,,,,,,,,,,,,,
,,,,,,,,,,,,,,,,,,,,,,,,,,,,,,,,,,
,,,,,,,,,,,,,,,,,,,,,,,,,,,,,,,,,,
,,,,,,,,,,,,,,,,,,,,,,,,,,,,,,,,,,
,,,,,,,,,,,,,,,,,,,,,,,,,,,,,,,,,,
,,,,,,,,,,,,,,,,,,,,,,,,,,,,,,,,,,
,,,,,,,,,,,,,,,,,,,,,,,,,,,,,,,,,,
,,,,,,,,,,,,,,,,,,,,,,,,,,,,,,,,,,
,,,,,,,,,,,,,,,,,,,,,,,,,,,,,,,,,,
,,,,,,,,,,,,,,,,,,,,,,,,,,,,,,,,,,
,,,,,,,,,,,,,,,,,,,,,,,,,,,,,,,,,,
,,,,,,,,,,,,,,,,,,,,,,,,,,,,,,,,,,
,,,,,,,,,,,,,,,,,,,,,,,,,,,,,,,,,,
,,,,,,,,,,,,,,,,,,,,,,,,,,,,,,,,,,
,,,,,,,,,,,,,,,,,,,,,,,,,,,,,,,,,,
,,,,,,,,,,,,,,,,,,,,,,,,,,,,,,,,,,
,,,,,,,,,,,,,,,,,,,,,,,,,,,,,,,,,,
,,,,,,,,,,,,,,,,,,,,,,,,,,,,,,,,,,
,,,,,,,,,,,,,,,,,,,,,,,,,,,,,,,,,,
,,,,,,,,,,,,,,,,,,,,,,,,,,,,,,,,,,
,,,,,,,,,,,,,,,,,,,,,,,,,,,,,,,,,,
,,,,,,,,,,,,,,,,,,,,,,,,,,,,,,,,,,
,,,,,,,,,,,,,,,,,,,,,,,,,,,,,,,,,,
,,,,,,,,,,,,,,,,,,,,,,,,,,,,,,,,,,
,,,,,,,,,,,,,,,,,,,,,,,,,,,,,,,,,,
,,,,,,,,,,,,,,,,,,,,,,,,,,,,,,,,,,
,,,,,,,,,,,,,,,,,,,,,,,,,,,,,,,,,,
,,,,,,,,,,,,,,,,,,,,,,,,,,,,,,,,,,
,,,,,,,,,,,,,,,,,,,,,,,,,,,,,,,,,,
,,,,,,,,,,,,,,,,,,,,,,,,,,,,,,,,,,
,,,,,,,,,,,,,,,,,,,,,,,,,,,,,,,,,,
,,,,,,,,,,,,,,,,,,,,,,,,,,,,,,,,,,
,,,,,,,,,,,,,,,,,,,,,,,,,,,,,,,,,,
,,,,,,,,,,,,,,,,,,,,,,,,,,,,,,,,,,
,,,,,,,,,,,,,,,,,,,,,,,,,,,,,,,,,,
,,,,,,,,,,,,,,,,,,,,,,,,,,,,,,,,,,
,,,,,,,,,,,,,,,,,,,,,,,,,,,,,,,,,,
,,,,,,,,,,,,,,,,,,,,,,,,,,,,,,,,,,
,,,,,,,,,,,,,,,,,,,,,,,,,,,,,,,,,,
,,,,,,,,,,,,,,,,,,,,,,,,,,,,,,,,,,
,,,,,,,,,,,,,,,,,,,,,,,,,,,,,,,,,,
,,,,,,,,,,,,,,,,,,,,,,,,,,,,,,,,,,
,,,,,,,,,,,,,,,,,,,,,,,,,,,,,,,,,,
,,,,,,,,,,,,,,,,,,,,,,,,,,,,,,,,,,
,,,,,,,,,,,,,,,,,,,,,,,,,,,,,,,,,,
,,,,,,,,,,,,,,,,,,,,,,,,,,,,,,,,,,
,,,,,,,,,,,,,,,,,,,,,,,,,,,,,,,,,,
,,,,,,,,,,,,,,,,,,,,,,,,,,,,,,,,,,
,,,,,,,,,,,,,,,,,,,,,,,,,,,,,,,,,,
,,,,,,,,,,,,,,,,,,,,,,,,,,,,,,,,,,
,,,,,,,,,,,,,,,,,,,,,,,,,,,,,,,,,,
,,,,,,,,,,,,,,,,,,,,,,,,,,,,,,,,,,
,,,,,,,,,,,,,,,,,,,,,,,,,,,,,,,,,,
,,,,,,,,,,,,,,,,,,,,,,,,,,,,,,,,,,
,,,,,,,,,,,,,,,,,,,,,,,,,,,,,,,,,,
,,,,,,,,,,,,,,,,,,,,,,,,,,,,,,,,,,
,,,,,,,,,,,,,,,,,,,,,,,,,,,,,,,,,,
,,,,,,,,,,,,,,,,,,,,,,,,,,,,,,,,,,
,,,,,,,,,,,,,,,,,,,,,,,,,,,,,,,,,,
,,,,,,,,,,,,,,,,,,,,,,,,,,,,,,,,,,
,,,,,,,,,,,,,,,,,,,,,,,,,,,,,,,,,,
,,,,,,,,,,,,,,,,,,,,,,,,,,,,,,,,,,
,,,,,,,,,,,,,,,,,,,,,,,,,,,,,,,,,,
,,,,,,,,,,,,,,,,,,,,,,,,,,,,,,,,,,
,,,,,,,,,,,,,,,,,,,,,,,,,,,,,,,,,,
,,,,,,,,,,,,,,,,,,,,,,,,,,,,,,,,,,
,,,,,,,,,,,,,,,,,,,,,,,,,,,,,,,,,,
,,,,,,,,,,,,,,,,,,,,,,,,,,,,,,,,,,
,,,,,,,,,,,,,,,,,,,,,,,,,,,,,,,,,,
,,,,,,,,,,,,,,,,,,,,,,,,,,,,,,,,,,
,,,,,,,,,,,,,,,,,,,,,,,,,,,,,,,,,,
,,,,,,,,,,,,,,,,,,,,,,,,,,,,,,,,,,
,,,,,,,,,,,,,,,,,,,,,,,,,,,,,,,,,,
,,,,,,,,,,,,,,,,,,,,,,,,,,,,,,,,,,
,,,,,,,,,,,,,,,,,,,,,,,,,,,,,,,,,,
,,,,,,,,,,,,,,,,,,,,,,,,,,,,,,,,,,
,,,,,,,,,,,,,,,,,,,,,,,,,,,,,,,,,,
,,,,,,,,,,,,,,,,,,,,,,,,,,,,,,,,,,
,,,,,,,,,,,,,,,,,,,,,,,,,,,,,,,,,,
,,,,,,,,,,,,,,,,,,,,,,,,,,,,,,,,,,
,,,,,,,,,,,,,,,,,,,,,,,,,,,,,,,,,,
,,,,,,,,,,,,,,,,,,,,,,,,,,,,,,,,,,
,,,,,,,,,,,,,,,,,,,,,,,,,,,,,,,,,,
,,,,,,,,,,,,,,,,,,,,,,,,,,,,,,,,,,
,,,,,,,,,,,,,,,,,,,,,,,,,,,,,,,,,,
,,,,,,,,,,,,,,,,,,,,,,,,,,,,,,,,,,
,,,,,,,,,,,,,,,,,,,,,,,,,,,,,,,,,,
,,,,,,,,,,,,,,,,,,,,,,,,,,,,,,,,,,
,,,,,,,,,,,,,,,,,,,,,,,,,,,,,,,,,,
,,,,,,,,,,,,,,,,,,,,,,,,,,,,,,,,,,
,,,,,,,,,,,,,,,,,,,,,,,,,,,,,,,,,,
,,,,,,,,,,,,,,,,,,,,,,,,,,,,,,,,,,
,,,,,,,,,,,,,,,,,,,,,,,,,,,,,,,,,,
,,,,,,,,,,,,,,,,,,,,,,,,,,,,,,,,,,
,,,,,,,,,,,,,,,,,,,,,,,,,,,,,,,,,,
,,,,,,,,,,,,,,,,,,,,,,,,,,,,,,,,,,
,,,,,,,,,,,,,,,,,,,,,,,,,,,,,,,,,,
,,,,,,,,,,,,,,,,,,,,,,,,,,,,,,,,,,
,,,,,,,,,,,,,,,,,,,,,,,,,,,,,,,,,,
,,,,,,,,,,,,,,,,,,,,,,,,,,,,,,,,,,
,,,,,,,,,,,,,,,,,,,,,,,,,,,,,,,,,,
,,,,,,,,,,,,,,,,,,,,,,,,,,,,,,,,,,
,,,,,,,,,,,,,,,,,,,,,,,,,,,,,,,,,,
,,,,,,,,,,,,,,,,,,,,,,,,,,,,,,,,,,
,,,,,,,,,,,,,,,,,,,,,,,,,,,,,,,,,,
,,,,,,,,,,,,,,,,,,,,,,,,,,,,,,,,,,
,,,,,,,,,,,,,,,,,,,,,,,,,,,,,,,,,,
,,,,,,,,,,,,,,,,,,,,,,,,,,,,,,,,,,
,,,,,,,,,,,,,,,,,,,,,,,,,,,,,,,,,,
,,,,,,,,,,,,,,,,,,,,,,,,,,,,,,,,,,
,,,,,,,,,,,,,,,,,,,,,,,,,,,,,,,,,,
,,,,,,,,,,,,,,,,,,,,,,,,,,,,,,,,,,
,,,,,,,,,,,,,,,,,,,,,,,,,,,,,,,,,,
,,,,,,,,,,,,,,,,,,,,,,,,,,,,,,,,,,
,,,,,,,,,,,,,,,,,,,,,,,,,,,,,,,,,,
,,,,,,,,,,,,,,,,,,,,,,,,,,,,,,,,,,
,,,,,,,,,,,,,,,,,,,,,,,,,,,,,,,,,,
,,,,,,,,,,,,,,,,,,,,,,,,,,,,,,,,,,
,,,,,,,,,,,,,,,,,,,,,,,,,,,,,,,,,,
,,,,,,,,,,,,,,,,,,,,,,,,,,,,,,,,,,
,,,,,,,,,,,,,,,,,,,,,,,,,,,,,,,,,,
,,,,,,,,,,,,,,,,,,,,,,,,,,,,,,,,,,
,,,,,,,,,,,,,,,,,,,,,,,,,,,,,,,,,,
,,,,,,,,,,,,,,,,,,,,,,,,,,,,,,,,,,
,,,,,,,,,,,,,,,,,,,,,,,,,,,,,,,,,,
,,,,,,,,,,,,,,,,,,,,,,,,,,,,,,,,,,
,,,,,,,,,,,,,,,,,,,,,,,,,,,,,,,,,,
,,,,,,,,,,,,,,,,,,,,,,,,,,,,,,,,,,
,,,,,,,,,,,,,,,,,,,,,,,,,,,,,,,,,,
,,,,,,,,,,,,,,,,,,,,,,,,,,,,,,,,,,
,,,,,,,,,,,,,,,,,,,,,,,,,,,,,,,,,,
,,,,,,,,,,,,,,,,,,,,,,,,,,,,,,,,,,
,,,,,,,,,,,,,,,,,,,,,,,,,,,,,,,,,,
,,,,,,,,,,,,,,,,,,,,,,,,,,,,,,,,,,
,,,,,,,,,,,,,,,,,,,,,,,,,,,,,,,,,,
,,,,,,,,,,,,,,,,,,,,,,,,,,,,,,,,,,
,,,,,,,,,,,,,,,,,,,,,,,,,,,,,,,,,,
,,,,,,,,,,,,,,,,,,,,,,,,,,,,,,,,,,
,,,,,,,,,,,,,,,,,,,,,,,,,,,,,,,,,,
,,,,,,,,,,,,,,,,,,,,,,,,,,,,,,,,,,
,,,,,,,,,,,,,,,,,,,,,,,,,,,,,,,,,,
,,,,,,,,,,,,,,,,,,,,,,,,,,,,,,,,,,
,,,,,,,,,,,,,,,,,,,,,,,,,,,,,,,,,,
,,,,,,,,,,,,,,,,,,,,,,,,,,,,,,,,,,
,,,,,,,,,,,,,,,,,,,,,,,,,,,,,,,,,,
,,,,,,,,,,,,,,,,,,,,,,,,,,,,,,,,,,
,,,,,,,,,,,,,,,,,,,,,,,,,,,,,,,,,,
,,,,,,,,,,,,,,,,,,,,,,,,,,,,,,,,,,
,,,,,,,,,,,,,,,,,,,,,,,,,,,,,,,,,,
,,,,,,,,,,,,,,,,,,,,,,,,,,,,,,,,,,
,,,,,,,,,,,,,,,,,,,,,,,,,,,,,,,,,,
,,,,,,,,,,,,,,,,,,,,,,,,,,,,,,,,,,
,,,,,,,,,,,,,,,,,,,,,,,,,,,,,,,,,,
,,,,,,,,,,,,,,,,,,,,,,,,,,,,,,,,,,
,,,,,,,,,,,,,,,,,,,,,,,,,,,,,,,,,,
,,,,,,,,,,,,,,,,,,,,,,,,,,,,,,,,,,
,,,,,,,,,,,,,,,,,,,,,,,,,,,,,,,,,,
,,,,,,,,,,,,,,,,,,,,,,,,,,,,,,,,,,
,,,,,,,,,,,,,,,,,,,,,,,,,,,,,,,,,,
,,,,,,,,,,,,,,,,,,,,,,,,,,,,,,,,,,
,,,,,,,,,,,,,,,,,,,,,,,,,,,,,,,,,,
,,,,,,,,,,,,,,,,,,,,,,,,,,,,,,,,,,
,,,,,,,,,,,,,,,,,,,,,,,,,,,,,,,,,,
,,,,,,,,,,,,,,,,,,,,,,,,,,,,,,,,,,
,,,,,,,,,,,,,,,,,,,,,,,,,,,,,,,,,,
,,,,,,,,,,,,,,,,,,,,,,,,,,,,,,,,,,
,,,,,,,,,,,,,,,,,,,,,,,,,,,,,,,,,,
,,,,,,,,,,,,,,,,,,,,,,,,,,,,,,,,,,
,,,,,,,,,,,,,,,,,,,,,,,,,,,,,,,,,,
,,,,,,,,,,,,,,,,,,,,,,,,,,,,,,,,,,
,,,,,,,,,,,,,,,,,,,,,,,,,,,,,,,,,,
,,,,,,,,,,,,,,,,,,,,,,,,,,,,,,,,,,
,,,,,,,,,,,,,,,,,,,,,,,,,,,,,,,,,,
,,,,,,,,,,,,,,,,,,,,,,,,,,,,,,,,,,
,,,,,,,,,,,,,,,,,,,,,,,,,,,,,,,,,,
,,,,,,,,,,,,,,,,,,,,,,,,,,,,,,,,,,
,,,,,,,,,,,,,,,,,,,,,,,,,,,,,,,,,,
,,,,,,,,,,,,,,,,,,,,,,,,,,,,,,,,,,
,,,,,,,,,,,,,,,,,,,,,,,,,,,,,,,,,,
,,,,,,,,,,,,,,,,,,,,,,,,,,,,,,,,,,
,,,,,,,,,,,,,,,,,,,,,,,,,,,,,,,,,,
,,,,,,,,,,,,,,,,,,,,,,,,,,,,,,,,,,
,,,,,,,,,,,,,,,,,,,,,,,,,,,,,,,,,,
,,,,,,,,,,,,,,,,,,,,,,,,,,,,,,,,,,
,,,,,,,,,,,,,,,,,,,,,,,,,,,,,,,,,,
,,,,,,,,,,,,,,,,,,,,,,,,,,,,,,,,,,
,,,,,,,,,,,,,,,,,,,,,,,,,,,,,,,,,,
,,,,,,,,,,,,,,,,,,,,,,,,,,,,,,,,,,
,,,,,,,,,,,,,,,,,,,,,,,,,,,,,,,,,,
,,,,,,,,,,,,,,,,,,,,,,,,,,,,,,,,,,
,,,,,,,,,,,,,,,,,,,,,,,,,,,,,,,,,,
,,,,,,,,,,,,,,,,,,,,,,,,,,,,,,,,,,
,,,,,,,,,,,,,,,,,,,,,,,,,,,,,,,,,,
,,,,,,,,,,,,,,,,,,,,,,,,,,,,,,,,,,
,,,,,,,,,,,,,,,,,,,,,,,,,,,,,,,,,,
,,,,,,,,,,,,,,,,,,,,,,,,,,,,,,,,,,
,,,,,,,,,,,,,,,,,,,,,,,,,,,,,,,,,,
,,,,,,,,,,,,,,,,,,,,,,,,,,,,,,,,,,
,,,,,,,,,,,,,,,,,,,,,,,,,,,,,,,,,,
,,,,,,,,,,,,,,,,,,,,,,,,,,,,,,,,,,
,,,,,,,,,,,,,,,,,,,,,,,,,,,,,,,,,,
